employee_id,source,posting_date,apply_date,interview_date,joining_date
1,Bdjobs.com,1/16/2018,2/13/2018,3/4/2018,3/29/2018
2,Bdjobs.com,8/6/2023,9/1/2023,9/10/2023,9/29/2023
3,Company Website,9/27/2015,10/29/2015,11/13/2015,12/8/2015
4,Employee Referral,12/6/2019,12/24/2019,12/31/2019,1/24/2020
5,Company Website,6/5/2018,6/17/2018,6/25/2018,7/18/2018
6,LinkedIn,4/18/2021,5/21/2021,6/6/2021,6/30/2021
7,Agency,10/11/2021,10/21/2021,11/9/2021,12/3/2021
8,Company Website,2/13/2017,3/11/2017,3/22/2017,4/19/2017
9,Company Website,9/16/2020,10/19/2020,10/29/2020,11/19/2020
10,LinkedIn,1/25/2020,2/20/2020,2/29/2020,3/15/2020
11,Bdjobs.com,5/3/2023,6/6/2023,6/21/2023,7/8/2023
12,Employee Referral,2/11/2019,3/22/2019,4/7/2019,5/5/2019
13,Bdjobs.com,9/12/2017,10/18/2017,11/1/2017,11/18/2017
14,Employee Referral,4/27/2020,6/2/2020,6/21/2020,7/14/2020
15,Bdjobs.com,10/26/2020,12/1/2020,12/20/2020,1/12/2021
16,LinkedIn,9/23/2020,10/4/2020,10/13/2020,10/31/2020
17,Bdjobs.com,5/13/2016,6/18/2016,7/1/2016,7/23/2016
18,LinkedIn,3/7/2021,4/15/2021,5/3/2021,5/19/2021
19,LinkedIn,5/9/2020,5/29/2020,6/17/2020,7/6/2020
20,LinkedIn,10/7/2021,10/27/2021,11/13/2021,11/28/2021
21,Company Website,10/2/2023,10/13/2023,10/30/2023,11/16/2023
22,Employee Referral,3/5/2020,4/3/2020,4/19/2020,5/4/2020
23,Employee Referral,3/8/2021,4/3/2021,4/21/2021,5/6/2021
24,LinkedIn,1/13/2021,2/10/2021,2/28/2021,3/29/2021
25,LinkedIn,7/9/2019,8/17/2019,8/31/2019,9/24/2019
26,Bdjobs.com,3/28/2022,4/29/2022,5/7/2022,5/25/2022
27,LinkedIn,8/8/2021,9/4/2021,9/19/2021,10/10/2021
28,LinkedIn,3/2/2017,3/13/2017,3/29/2017,4/26/2017
29,Employee Referral,2/9/2021,3/14/2021,3/26/2021,4/16/2021
30,Bdjobs.com,4/27/2022,5/26/2022,6/7/2022,7/1/2022
31,Bdjobs.com,12/31/2021,1/28/2022,2/6/2022,2/23/2022
32,Bdjobs.com,1/21/2020,2/18/2020,2/27/2020,3/19/2020
33,Employee Referral,1/18/2015,2/14/2015,3/1/2015,3/16/2015
34,Bdjobs.com,1/19/2016,2/16/2016,2/23/2016,3/19/2016
35,LinkedIn,6/2/2020,6/13/2020,6/28/2020,7/17/2020
36,LinkedIn,12/26/2019,1/17/2020,1/25/2020,2/13/2020
37,LinkedIn,3/26/2017,4/5/2017,4/22/2017,5/15/2017
38,LinkedIn,11/8/2019,11/29/2019,12/17/2019,1/4/2020
39,LinkedIn,2/10/2021,3/2/2021,3/13/2021,4/4/2021
40,Company Website,7/2/2020,8/4/2020,8/12/2020,8/28/2020
41,Employee Referral,2/18/2020,3/1/2020,3/20/2020,4/18/2020
42,Bdjobs.com,5/1/2018,5/28/2018,6/9/2018,6/26/2018
43,LinkedIn,6/14/2021,7/14/2021,7/30/2021,8/19/2021
44,LinkedIn,11/23/2020,12/18/2020,12/31/2020,1/20/2021
45,Agency,6/5/2021,6/17/2021,7/1/2021,7/30/2021
46,LinkedIn,6/12/2018,6/30/2018,7/17/2018,8/14/2018
47,Bdjobs.com,1/19/2019,2/23/2019,3/13/2019,4/2/2019
48,Company Website,11/23/2016,12/26/2016,1/8/2017,2/1/2017
49,LinkedIn,7/19/2021,8/12/2021,8/21/2021,9/15/2021
50,Bdjobs.com,12/30/2018,1/27/2019,2/11/2019,3/9/2019
51,LinkedIn,2/12/2021,3/4/2021,3/18/2021,4/5/2021
52,Employee Referral,8/13/2018,8/23/2018,9/2/2018,9/26/2018
53,Employee Referral,10/23/2019,11/25/2019,12/8/2019,1/2/2020
54,Bdjobs.com,4/2/2020,4/19/2020,4/28/2020,5/22/2020
55,Bdjobs.com,3/13/2021,3/28/2021,4/6/2021,5/3/2021
56,Employee Referral,10/4/2021,10/15/2021,10/26/2021,11/19/2021
57,LinkedIn,12/17/2022,1/14/2023,1/25/2023,2/22/2023
58,LinkedIn,9/27/2018,10/16/2018,11/2/2018,11/18/2018
59,Company Website,3/6/2023,3/17/2023,4/1/2023,4/19/2023
60,LinkedIn,10/6/2023,10/23/2023,10/31/2023,11/20/2023
61,Company Website,12/27/2016,1/26/2017,2/8/2017,2/26/2017
62,Bdjobs.com,3/23/2015,4/7/2015,4/24/2015,5/10/2015
63,Bdjobs.com,6/8/2019,7/6/2019,7/20/2019,8/16/2019
64,Bdjobs.com,7/27/2017,8/23/2017,9/10/2017,9/27/2017
65,Company Website,1/7/2022,2/1/2022,2/18/2022,3/16/2022
66,Bdjobs.com,10/20/2021,11/26/2021,12/3/2021,12/25/2021
67,Company Website,7/3/2021,7/23/2021,8/6/2021,8/30/2021
68,Employee Referral,5/9/2018,6/1/2018,6/13/2018,7/8/2018
69,Employee Referral,3/16/2020,4/21/2020,5/7/2020,6/2/2020
70,LinkedIn,8/4/2021,8/30/2021,9/9/2021,10/1/2021
71,Bdjobs.com,1/30/2023,2/16/2023,3/3/2023,3/22/2023
72,Employee Referral,9/27/2023,10/20/2023,11/8/2023,12/1/2023
73,LinkedIn,9/20/2023,10/18/2023,11/6/2023,11/24/2023
74,Agency,12/24/2020,1/20/2021,1/30/2021,2/15/2021
75,Company Website,8/11/2022,9/4/2022,9/23/2022,10/9/2022
76,LinkedIn,6/6/2021,7/8/2021,7/21/2021,8/12/2021
77,Employee Referral,9/29/2020,11/1/2020,11/12/2020,11/27/2020
78,Employee Referral,6/17/2021,7/18/2021,7/30/2021,8/20/2021
79,Bdjobs.com,12/24/2019,1/26/2020,2/4/2020,2/29/2020
80,Bdjobs.com,3/22/2021,4/16/2021,5/1/2021,5/23/2021
81,Bdjobs.com,8/26/2021,9/8/2021,9/18/2021,10/9/2021
82,Bdjobs.com,5/29/2021,6/20/2021,6/28/2021,7/20/2021
83,Bdjobs.com,12/28/2019,1/26/2020,2/14/2020,3/11/2020
84,LinkedIn,12/14/2020,12/28/2020,1/10/2021,2/5/2021
85,Bdjobs.com,4/10/2021,4/27/2021,5/6/2021,5/30/2021
86,Bdjobs.com,8/12/2022,9/14/2022,9/28/2022,10/15/2022
87,Bdjobs.com,5/19/2021,5/29/2021,6/14/2021,7/7/2021
88,LinkedIn,2/23/2017,3/12/2017,3/23/2017,4/8/2017
89,Bdjobs.com,9/21/2016,10/28/2016,11/16/2016,12/6/2016
90,Agency,2/1/2023,2/11/2023,2/27/2023,3/16/2023
91,Company Website,2/1/2021,2/24/2021,3/12/2021,3/30/2021
92,Agency,10/28/2017,11/16/2017,12/5/2017,12/26/2017
93,Employee Referral,8/22/2021,9/17/2021,10/4/2021,10/26/2021
94,LinkedIn,1/14/2015,2/7/2015,2/23/2015,3/11/2015
95,Bdjobs.com,4/4/2021,5/9/2021,5/22/2021,6/9/2021
96,LinkedIn,12/22/2020,1/27/2021,2/3/2021,2/21/2021
97,Company Website,11/26/2020,12/31/2020,1/19/2021,2/4/2021
98,LinkedIn,4/15/2019,5/23/2019,5/31/2019,6/25/2019
99,Bdjobs.com,12/29/2014,1/8/2015,1/21/2015,2/15/2015
100,Agency,2/10/2018,3/8/2018,3/16/2018,4/14/2018
101,Employee Referral,10/11/2021,11/11/2021,11/23/2021,12/13/2021
102,Employee Referral,9/13/2020,10/6/2020,10/18/2020,11/14/2020
103,LinkedIn,9/7/2020,10/3/2020,10/15/2020,11/13/2020
104,Bdjobs.com,8/10/2015,9/1/2015,9/17/2015,10/3/2015
105,Bdjobs.com,4/9/2018,4/21/2018,4/30/2018,5/21/2018
106,Employee Referral,9/13/2017,9/30/2017,10/17/2017,11/7/2017
107,Bdjobs.com,7/9/2020,7/29/2020,8/15/2020,9/4/2020
108,LinkedIn,5/14/2023,5/31/2023,6/18/2023,7/17/2023
109,Bdjobs.com,6/27/2022,8/5/2022,8/18/2022,9/10/2022
110,Bdjobs.com,12/18/2018,1/23/2019,2/2/2019,2/21/2019
111,Employee Referral,9/12/2021,10/12/2021,10/23/2021,11/11/2021
112,Employee Referral,3/1/2018,3/23/2018,4/3/2018,4/25/2018
113,Bdjobs.com,1/15/2017,2/16/2017,3/1/2017,3/22/2017
114,Bdjobs.com,2/25/2021,3/7/2021,3/15/2021,4/11/2021
115,Bdjobs.com,6/24/2019,7/8/2019,7/17/2019,8/3/2019
116,Employee Referral,7/8/2020,8/8/2020,8/23/2020,9/16/2020
117,Company Website,3/17/2023,3/28/2023,4/8/2023,5/4/2023
118,Bdjobs.com,9/18/2017,10/24/2017,11/11/2017,11/26/2017
119,Employee Referral,12/11/2015,1/19/2016,2/4/2016,3/3/2016
120,Company Website,10/10/2021,11/17/2021,11/29/2021,12/14/2021
121,Company Website,2/15/2020,3/9/2020,3/24/2020,4/20/2020
122,LinkedIn,6/16/2020,7/17/2020,7/31/2020,8/18/2020
123,Bdjobs.com,9/22/2021,10/24/2021,11/11/2021,12/4/2021
124,LinkedIn,6/17/2021,7/11/2021,7/27/2021,8/13/2021
125,Employee Referral,2/7/2020,2/23/2020,3/6/2020,3/28/2020
126,Agency,11/13/2021,12/7/2021,12/17/2021,1/8/2022
127,LinkedIn,3/9/2019,3/23/2019,4/8/2019,4/26/2019
128,Company Website,10/3/2021,11/4/2021,11/19/2021,12/5/2021
129,Bdjobs.com,8/26/2018,9/9/2018,9/26/2018,10/11/2018
130,Agency,8/16/2022,9/18/2022,9/25/2022,10/14/2022
131,Bdjobs.com,3/1/2022,3/26/2022,4/5/2022,5/4/2022
132,LinkedIn,12/19/2022,1/23/2023,2/8/2023,2/26/2023
133,Bdjobs.com,7/11/2020,8/9/2020,8/23/2020,9/14/2020
134,Bdjobs.com,5/18/2016,6/17/2016,7/6/2016,8/2/2016
135,Employee Referral,7/24/2020,8/30/2020,9/8/2020,10/1/2020
136,Employee Referral,6/3/2021,6/18/2021,6/25/2021,7/14/2021
137,LinkedIn,9/13/2017,10/17/2017,10/27/2017,11/20/2017
138,Bdjobs.com,10/22/2021,11/19/2021,11/29/2021,12/19/2021
139,Employee Referral,6/25/2015,7/12/2015,7/20/2015,8/15/2015
140,Bdjobs.com,2/6/2021,3/6/2021,3/14/2021,3/29/2021
141,Bdjobs.com,12/28/2020,1/7/2021,1/14/2021,2/5/2021
142,Bdjobs.com,2/21/2020,3/3/2020,3/20/2020,4/7/2020
143,Bdjobs.com,10/2/2022,10/20/2022,11/3/2022,11/23/2022
144,LinkedIn,5/4/2022,5/24/2022,6/1/2022,6/23/2022
145,Employee Referral,3/4/2019,4/8/2019,4/15/2019,5/9/2019
146,Company Website,7/27/2022,9/4/2022,9/17/2022,10/4/2022
147,Bdjobs.com,11/19/2019,12/21/2019,1/1/2020,1/30/2020
148,LinkedIn,5/26/2018,6/9/2018,6/25/2018,7/15/2018
149,LinkedIn,9/28/2022,11/3/2022,11/18/2022,12/6/2022
150,Employee Referral,8/31/2017,9/29/2017,10/10/2017,10/26/2017
151,Bdjobs.com,8/3/2019,9/9/2019,9/20/2019,10/11/2019
152,Employee Referral,12/19/2020,1/26/2021,2/3/2021,3/1/2021
153,Company Website,9/21/2023,10/29/2023,11/9/2023,12/1/2023
154,LinkedIn,7/13/2021,8/14/2021,9/1/2021,9/17/2021
155,Employee Referral,8/22/2016,9/8/2016,9/18/2016,10/17/2016
156,Bdjobs.com,1/7/2020,2/13/2020,3/2/2020,3/31/2020
157,Bdjobs.com,12/3/2017,12/14/2017,12/28/2017,1/19/2018
158,Agency,9/2/2023,9/15/2023,9/25/2023,10/18/2023
159,Company Website,2/29/2020,3/25/2020,4/9/2020,4/26/2020
160,Bdjobs.com,9/7/2023,10/15/2023,10/23/2023,11/11/2023
161,Bdjobs.com,2/8/2016,2/18/2016,2/27/2016,3/20/2016
162,Bdjobs.com,5/2/2020,6/8/2020,6/22/2020,7/7/2020
163,LinkedIn,9/4/2015,10/6/2015,10/20/2015,11/7/2015
164,Bdjobs.com,10/18/2021,11/8/2021,11/24/2021,12/22/2021
165,LinkedIn,8/17/2020,9/18/2020,10/1/2020,10/20/2020
166,Bdjobs.com,2/14/2022,3/22/2022,4/6/2022,4/25/2022
167,Bdjobs.com,1/19/2020,2/5/2020,2/17/2020,3/6/2020
168,Employee Referral,9/8/2020,10/9/2020,10/18/2020,11/14/2020
169,Bdjobs.com,2/9/2022,2/27/2022,3/8/2022,4/3/2022
170,LinkedIn,2/8/2020,3/5/2020,3/22/2020,4/10/2020
171,Bdjobs.com,4/21/2020,5/17/2020,6/2/2020,6/20/2020
172,Employee Referral,9/10/2015,10/5/2015,10/17/2015,11/8/2015
173,LinkedIn,9/2/2020,9/24/2020,10/12/2020,11/8/2020
174,Employee Referral,8/3/2017,8/24/2017,9/10/2017,9/29/2017
175,Bdjobs.com,2/24/2022,3/14/2022,3/26/2022,4/14/2022
176,Employee Referral,2/25/2021,4/1/2021,4/9/2021,4/28/2021
177,Bdjobs.com,6/7/2021,6/24/2021,7/13/2021,7/31/2021
178,Bdjobs.com,12/27/2015,1/17/2016,1/25/2016,2/20/2016
179,LinkedIn,3/12/2021,3/24/2021,4/7/2021,5/6/2021
180,Bdjobs.com,1/29/2020,2/26/2020,3/7/2020,4/1/2020
181,Employee Referral,11/15/2021,12/8/2021,12/26/2021,1/22/2022
182,Agency,8/22/2020,9/19/2020,9/26/2020,10/17/2020
183,Bdjobs.com,9/11/2023,10/7/2023,10/18/2023,11/3/2023
184,Bdjobs.com,6/6/2016,6/22/2016,7/6/2016,7/30/2016
185,Bdjobs.com,1/14/2020,2/1/2020,2/15/2020,3/9/2020
186,LinkedIn,4/25/2020,5/27/2020,6/14/2020,7/5/2020
187,Bdjobs.com,12/5/2020,12/17/2020,12/31/2020,1/28/2021
188,LinkedIn,8/3/2019,9/7/2019,9/18/2019,10/12/2019
189,LinkedIn,5/25/2022,6/12/2022,6/24/2022,7/22/2022
190,LinkedIn,6/10/2023,6/21/2023,7/8/2023,7/28/2023
191,Bdjobs.com,4/15/2016,5/6/2016,5/13/2016,6/5/2016
192,Bdjobs.com,7/9/2016,8/5/2016,8/23/2016,9/18/2016
193,LinkedIn,4/30/2020,5/15/2020,5/23/2020,6/18/2020
194,Bdjobs.com,8/28/2021,9/21/2021,10/8/2021,11/4/2021
195,Bdjobs.com,5/15/2022,6/6/2022,6/24/2022,7/22/2022
196,Employee Referral,8/19/2016,9/1/2016,9/19/2016,10/18/2016
197,Bdjobs.com,11/21/2020,12/2/2020,12/11/2020,1/7/2021
198,LinkedIn,6/25/2020,8/3/2020,8/13/2020,9/9/2020
199,Bdjobs.com,5/18/2020,6/10/2020,6/23/2020,7/21/2020
200,Company Website,2/10/2018,3/17/2018,3/29/2018,4/25/2018
201,Bdjobs.com,3/11/2021,3/26/2021,4/13/2021,5/6/2021
202,Company Website,8/26/2021,9/12/2021,9/27/2021,10/13/2021
203,Bdjobs.com,10/10/2015,11/5/2015,11/19/2015,12/14/2015
204,Agency,7/15/2015,8/17/2015,8/25/2015,9/9/2015
205,Employee Referral,8/7/2015,9/1/2015,9/16/2015,10/11/2015
206,LinkedIn,3/1/2018,3/24/2018,4/3/2018,4/22/2018
207,Employee Referral,8/4/2020,9/9/2020,9/24/2020,10/17/2020
208,LinkedIn,5/27/2021,6/28/2021,7/17/2021,8/6/2021
209,Bdjobs.com,5/13/2022,6/21/2022,6/28/2022,7/20/2022
210,Bdjobs.com,5/11/2022,5/31/2022,6/16/2022,7/9/2022
211,Bdjobs.com,9/27/2020,10/9/2020,10/20/2020,11/9/2020
212,Bdjobs.com,3/19/2017,4/27/2017,5/11/2017,6/9/2017
213,LinkedIn,2/16/2020,3/23/2020,3/30/2020,4/16/2020
214,Company Website,10/15/2023,11/8/2023,11/16/2023,12/1/2023
215,Bdjobs.com,12/14/2020,1/5/2021,1/23/2021,2/21/2021
216,Company Website,9/8/2015,10/15/2015,11/2/2015,11/18/2015
217,LinkedIn,11/22/2019,12/30/2019,1/11/2020,2/8/2020
218,Agency,7/16/2016,8/23/2016,9/8/2016,9/28/2016
219,Agency,12/10/2019,1/2/2020,1/9/2020,1/25/2020
220,Bdjobs.com,12/19/2019,12/31/2019,1/12/2020,2/9/2020
221,Bdjobs.com,9/27/2022,10/20/2022,11/8/2022,11/26/2022
222,Bdjobs.com,4/8/2021,4/28/2021,5/8/2021,5/28/2021
223,Company Website,7/30/2021,8/12/2021,8/22/2021,9/6/2021
224,Employee Referral,11/24/2021,12/26/2021,1/14/2022,2/2/2022
225,Employee Referral,3/13/2020,3/26/2020,4/11/2020,5/1/2020
226,LinkedIn,4/11/2019,4/28/2019,5/15/2019,6/1/2019
227,LinkedIn,7/2/2021,7/24/2021,8/3/2021,8/25/2021
228,Bdjobs.com,4/30/2020,5/22/2020,6/6/2020,6/25/2020
229,Company Website,9/20/2022,10/1/2022,10/8/2022,10/27/2022
230,Bdjobs.com,12/20/2021,1/24/2022,2/10/2022,3/7/2022
231,Employee Referral,6/16/2022,6/28/2022,7/16/2022,8/6/2022
232,Employee Referral,6/30/2021,7/19/2021,8/4/2021,8/28/2021
233,Bdjobs.com,10/30/2020,11/25/2020,12/3/2020,12/19/2020
234,Agency,10/4/2022,10/25/2022,11/13/2022,11/29/2022
235,LinkedIn,6/22/2016,7/8/2016,7/23/2016,8/19/2016
236,Bdjobs.com,2/16/2018,3/21/2018,4/1/2018,4/19/2018
237,Bdjobs.com,9/22/2021,10/27/2021,11/5/2021,11/30/2021
238,LinkedIn,8/13/2021,9/11/2021,9/29/2021,10/26/2021
239,Bdjobs.com,1/3/2020,1/18/2020,2/6/2020,2/24/2020
240,Employee Referral,3/25/2015,4/5/2015,4/18/2015,5/5/2015
241,Employee Referral,9/4/2019,9/14/2019,9/28/2019,10/22/2019
242,LinkedIn,1/13/2022,2/8/2022,2/21/2022,3/21/2022
243,Employee Referral,10/18/2022,11/2/2022,11/20/2022,12/19/2022
244,LinkedIn,1/8/2020,2/13/2020,2/22/2020,3/16/2020
245,Employee Referral,5/5/2022,6/12/2022,6/27/2022,7/19/2022
246,Company Website,9/11/2022,9/21/2022,9/28/2022,10/19/2022
247,LinkedIn,8/5/2022,8/17/2022,8/27/2022,9/13/2022
248,Employee Referral,7/17/2021,8/19/2021,8/27/2021,9/18/2021
249,Employee Referral,10/7/2020,11/8/2020,11/27/2020,12/18/2020
250,Bdjobs.com,11/21/2020,12/15/2020,12/31/2020,1/23/2021
251,Bdjobs.com,9/12/2020,9/22/2020,10/8/2020,11/5/2020
252,LinkedIn,3/19/2015,4/8/2015,4/27/2015,5/19/2015
253,LinkedIn,8/27/2023,9/14/2023,9/21/2023,10/17/2023
254,Bdjobs.com,9/26/2022,10/24/2022,11/3/2022,11/30/2022
255,Company Website,7/20/2018,8/25/2018,9/12/2018,10/8/2018
256,Agency,1/26/2022,2/6/2022,2/16/2022,3/9/2022
257,LinkedIn,12/3/2018,12/14/2018,12/30/2018,1/17/2019
258,Bdjobs.com,5/31/2022,6/23/2022,7/4/2022,7/30/2022
259,Employee Referral,3/8/2017,4/9/2017,4/19/2017,5/10/2017
260,Bdjobs.com,12/13/2019,1/3/2020,1/11/2020,2/6/2020
261,Bdjobs.com,3/6/2022,4/5/2022,4/21/2022,5/13/2022
262,Bdjobs.com,11/24/2021,12/5/2021,12/19/2021,1/17/2022
263,Agency,12/10/2019,1/15/2020,2/3/2020,3/2/2020
264,LinkedIn,7/12/2023,8/2/2023,8/11/2023,8/26/2023
265,Bdjobs.com,12/27/2019,1/31/2020,2/9/2020,3/6/2020
266,Bdjobs.com,1/3/2021,1/21/2021,2/9/2021,3/8/2021
267,LinkedIn,8/2/2017,8/24/2017,9/11/2017,10/6/2017
268,Bdjobs.com,5/24/2022,6/4/2022,6/23/2022,7/17/2022
269,Employee Referral,3/24/2021,4/11/2021,4/25/2021,5/12/2021
270,Employee Referral,4/29/2017,6/6/2017,6/23/2017,7/9/2017
271,Bdjobs.com,1/11/2015,1/26/2015,2/13/2015,2/28/2015
272,LinkedIn,11/8/2019,12/6/2019,12/23/2019,1/17/2020
273,Company Website,5/3/2023,5/13/2023,5/24/2023,6/18/2023
274,LinkedIn,1/17/2021,2/2/2021,2/11/2021,3/5/2021
275,Bdjobs.com,8/27/2021,9/10/2021,9/26/2021,10/18/2021
276,Employee Referral,4/25/2020,5/14/2020,6/2/2020,6/23/2020
277,Company Website,2/5/2021,2/15/2021,2/22/2021,3/15/2021
278,LinkedIn,7/14/2020,7/28/2020,8/5/2020,8/21/2020
279,Bdjobs.com,3/18/2020,4/8/2020,4/17/2020,5/2/2020
280,LinkedIn,6/19/2022,7/10/2022,7/24/2022,8/17/2022
281,Bdjobs.com,7/10/2022,7/29/2022,8/10/2022,8/31/2022
282,Employee Referral,4/3/2018,5/9/2018,5/28/2018,6/15/2018
283,Employee Referral,10/16/2021,11/14/2021,11/22/2021,12/8/2021
284,Employee Referral,6/3/2022,7/12/2022,7/22/2022,8/7/2022
285,Employee Referral,3/7/2016,3/25/2016,4/10/2016,5/4/2016
286,Company Website,12/11/2014,1/6/2015,1/21/2015,2/19/2015
287,Agency,4/3/2022,4/13/2022,4/22/2022,5/10/2022
288,Bdjobs.com,10/2/2021,11/7/2021,11/19/2021,12/6/2021
289,Bdjobs.com,1/5/2016,2/13/2016,2/29/2016,3/21/2016
290,Company Website,6/24/2019,7/10/2019,7/29/2019,8/16/2019
291,Bdjobs.com,5/22/2018,6/10/2018,6/22/2018,7/16/2018
292,Bdjobs.com,6/10/2023,6/27/2023,7/7/2023,7/24/2023
293,LinkedIn,1/3/2018,1/27/2018,2/9/2018,2/27/2018
294,LinkedIn,2/25/2021,3/25/2021,4/13/2021,5/6/2021
295,LinkedIn,12/31/2015,2/6/2016,2/19/2016,3/5/2016
296,Employee Referral,10/16/2020,11/8/2020,11/17/2020,12/9/2020
297,Bdjobs.com,2/12/2022,3/7/2022,3/15/2022,4/1/2022
298,LinkedIn,9/19/2016,10/25/2016,11/5/2016,11/20/2016
299,LinkedIn,11/9/2020,12/14/2020,12/23/2020,1/18/2021
300,Employee Referral,2/20/2015,3/9/2015,3/17/2015,4/4/2015
301,Company Website,7/8/2018,7/21/2018,8/1/2018,8/21/2018
302,Employee Referral,7/19/2015,8/27/2015,9/4/2015,9/22/2015
303,Bdjobs.com,7/30/2016,8/9/2016,8/23/2016,9/13/2016
304,LinkedIn,9/19/2018,10/15/2018,10/30/2018,11/27/2018
305,LinkedIn,10/27/2020,11/23/2020,12/9/2020,1/1/2021
306,Bdjobs.com,8/20/2023,9/20/2023,10/1/2023,10/21/2023
307,Bdjobs.com,3/22/2021,4/28/2021,5/14/2021,6/11/2021
308,LinkedIn,8/9/2018,8/28/2018,9/9/2018,9/24/2018
309,Employee Referral,9/21/2017,10/18/2017,10/27/2017,11/11/2017
310,Company Website,10/8/2022,10/28/2022,11/10/2022,12/8/2022
311,Bdjobs.com,3/20/2016,4/2/2016,4/9/2016,5/1/2016
312,Employee Referral,7/7/2021,8/11/2021,8/22/2021,9/12/2021
313,LinkedIn,2/20/2020,3/28/2020,4/12/2020,5/3/2020
314,Company Website,7/29/2017,8/18/2017,8/27/2017,9/15/2017
315,LinkedIn,11/20/2019,12/18/2019,12/31/2019,1/29/2020
316,Employee Referral,1/13/2022,2/2/2022,2/14/2022,3/11/2022
317,Employee Referral,6/30/2020,8/8/2020,8/19/2020,9/13/2020
318,LinkedIn,11/15/2021,12/10/2021,12/20/2021,1/14/2022
319,LinkedIn,7/18/2022,8/13/2022,8/25/2022,9/18/2022
320,LinkedIn,3/4/2021,4/9/2021,4/21/2021,5/10/2021
321,Bdjobs.com,6/2/2016,6/20/2016,6/30/2016,7/26/2016
322,Employee Referral,10/14/2021,11/13/2021,11/23/2021,12/22/2021
323,Bdjobs.com,2/5/2021,2/20/2021,3/2/2021,3/24/2021
324,Bdjobs.com,2/4/2017,2/25/2017,3/16/2017,3/31/2017
325,LinkedIn,1/20/2016,1/30/2016,2/8/2016,3/1/2016
326,Employee Referral,7/9/2020,7/27/2020,8/4/2020,9/1/2020
327,Agency,10/1/2023,11/1/2023,11/9/2023,12/1/2023
328,Bdjobs.com,12/6/2021,12/29/2021,1/5/2022,1/29/2022
329,Bdjobs.com,12/1/2020,1/9/2021,1/28/2021,2/15/2021
330,Employee Referral,3/4/2016,3/30/2016,4/15/2016,5/5/2016
331,LinkedIn,5/4/2021,5/19/2021,6/5/2021,6/22/2021
332,LinkedIn,12/30/2020,2/2/2021,2/17/2021,3/12/2021
333,Bdjobs.com,1/8/2023,1/21/2023,1/31/2023,2/21/2023
334,Employee Referral,10/22/2020,11/5/2020,11/15/2020,12/14/2020
335,LinkedIn,10/31/2014,12/5/2014,12/23/2014,1/7/2015
336,LinkedIn,12/25/2019,1/25/2020,2/2/2020,2/25/2020
337,Company Website,1/22/2021,2/18/2021,2/27/2021,3/19/2021
338,Bdjobs.com,10/25/2020,11/11/2020,11/19/2020,12/17/2020
339,LinkedIn,6/26/2023,7/16/2023,7/31/2023,8/22/2023
340,LinkedIn,1/27/2023,2/9/2023,2/22/2023,3/17/2023
341,Bdjobs.com,11/6/2016,11/30/2016,12/11/2016,1/9/2017
342,Employee Referral,7/5/2018,7/17/2018,7/30/2018,8/25/2018
343,Employee Referral,1/20/2021,2/24/2021,3/4/2021,3/19/2021
344,LinkedIn,9/7/2021,10/4/2021,10/19/2021,11/7/2021
345,Employee Referral,6/24/2021,7/11/2021,7/26/2021,8/24/2021
346,Bdjobs.com,11/13/2021,12/9/2021,12/16/2021,1/11/2022
347,LinkedIn,2/7/2021,2/26/2021,3/11/2021,3/29/2021
348,Company Website,9/9/2017,10/9/2017,10/28/2017,11/12/2017
349,LinkedIn,3/30/2020,4/30/2020,5/17/2020,6/9/2020
350,LinkedIn,10/6/2021,10/16/2021,10/23/2021,11/20/2021
351,Employee Referral,6/10/2022,6/20/2022,6/28/2022,7/18/2022
352,LinkedIn,3/3/2022,4/4/2022,4/13/2022,5/2/2022
353,Employee Referral,4/30/2018,6/5/2018,6/24/2018,7/14/2018
354,Employee Referral,1/27/2019,2/9/2019,2/24/2019,3/25/2019
355,LinkedIn,1/15/2022,2/19/2022,2/27/2022,3/21/2022
356,Bdjobs.com,7/25/2021,8/7/2021,8/25/2021,9/12/2021
357,Agency,2/16/2022,3/2/2022,3/21/2022,4/14/2022
358,Company Website,10/11/2021,10/27/2021,11/6/2021,11/22/2021
359,Bdjobs.com,10/13/2018,11/11/2018,11/19/2018,12/9/2018
360,Bdjobs.com,10/5/2021,11/3/2021,11/19/2021,12/13/2021
361,Company Website,1/25/2021,2/18/2021,2/27/2021,3/22/2021
362,Bdjobs.com,2/14/2022,3/25/2022,4/12/2022,5/2/2022
363,Bdjobs.com,3/9/2022,4/9/2022,4/20/2022,5/10/2022
364,Company Website,9/7/2018,9/28/2018,10/11/2018,10/30/2018
365,Bdjobs.com,11/5/2021,12/6/2021,12/13/2021,1/8/2022
366,Employee Referral,9/17/2021,10/8/2021,10/15/2021,11/2/2021
367,Bdjobs.com,3/8/2020,4/5/2020,4/21/2020,5/13/2020
368,Employee Referral,12/5/2021,1/2/2022,1/10/2022,1/29/2022
369,Bdjobs.com,11/2/2020,12/11/2020,12/26/2020,1/18/2021
370,Bdjobs.com,3/10/2019,4/4/2019,4/17/2019,5/6/2019
371,LinkedIn,6/1/2021,6/16/2021,7/4/2021,7/24/2021
372,Company Website,6/7/2020,7/16/2020,7/23/2020,8/11/2020
373,Bdjobs.com,1/6/2023,1/31/2023,2/15/2023,3/3/2023
374,Company Website,4/27/2021,6/4/2021,6/14/2021,7/10/2021
375,Bdjobs.com,6/2/2017,7/7/2017,7/16/2017,8/14/2017
376,LinkedIn,1/8/2019,1/27/2019,2/11/2019,3/12/2019
377,Employee Referral,7/18/2023,8/15/2023,8/30/2023,9/25/2023
378,Bdjobs.com,2/24/2022,3/17/2022,4/2/2022,4/26/2022
379,Bdjobs.com,11/16/2020,12/15/2020,1/3/2021,1/20/2021
380,LinkedIn,5/26/2017,6/13/2017,7/2/2017,7/24/2017
381,Employee Referral,6/18/2019,7/16/2019,7/29/2019,8/15/2019
382,LinkedIn,2/19/2016,3/20/2016,4/8/2016,4/26/2016
383,LinkedIn,3/13/2018,4/4/2018,4/22/2018,5/20/2018
384,LinkedIn,8/26/2018,9/8/2018,9/22/2018,10/20/2018
385,Employee Referral,9/4/2022,10/11/2022,10/23/2022,11/7/2022
386,Bdjobs.com,6/27/2021,8/4/2021,8/19/2021,9/6/2021
387,Bdjobs.com,6/21/2020,7/3/2020,7/17/2020,8/6/2020
388,Employee Referral,7/8/2020,7/22/2020,8/5/2020,8/27/2020
389,Employee Referral,1/26/2018,3/2/2018,3/9/2018,4/5/2018
390,LinkedIn,4/28/2021,6/3/2021,6/17/2021,7/5/2021
391,Company Website,3/5/2023,3/23/2023,4/1/2023,4/25/2023
392,Bdjobs.com,5/12/2021,6/6/2021,6/21/2021,7/6/2021
393,Employee Referral,5/23/2023,6/2/2023,6/18/2023,7/6/2023
394,LinkedIn,3/23/2021,4/25/2021,5/12/2021,6/2/2021
395,Bdjobs.com,2/10/2017,3/13/2017,3/24/2017,4/18/2017
396,Bdjobs.com,4/29/2020,5/30/2020,6/10/2020,7/3/2020
397,Bdjobs.com,7/20/2022,8/24/2022,9/3/2022,10/1/2022
398,Employee Referral,11/28/2022,12/21/2022,1/4/2023,2/2/2023
399,Bdjobs.com,2/23/2018,3/26/2018,4/4/2018,5/3/2018
400,LinkedIn,12/20/2017,1/13/2018,1/26/2018,2/22/2018
401,Bdjobs.com,5/5/2021,6/5/2021,6/13/2021,7/12/2021
402,Bdjobs.com,5/28/2021,6/16/2021,6/30/2021,7/22/2021
403,Bdjobs.com,3/7/2021,3/20/2021,3/31/2021,4/19/2021
404,Bdjobs.com,4/14/2021,4/30/2021,5/7/2021,5/25/2021
405,LinkedIn,5/15/2015,5/28/2015,6/9/2015,7/2/2015
406,Employee Referral,9/17/2018,10/19/2018,10/28/2018,11/22/2018
407,LinkedIn,8/28/2021,9/15/2021,9/25/2021,10/21/2021
408,Company Website,6/15/2021,7/3/2021,7/10/2021,8/1/2021
409,Bdjobs.com,5/7/2023,5/25/2023,6/9/2023,6/28/2023
410,Bdjobs.com,5/15/2021,6/1/2021,6/14/2021,7/6/2021
411,Employee Referral,1/14/2022,2/16/2022,3/1/2022,3/20/2022
412,Employee Referral,2/14/2021,3/22/2021,3/30/2021,4/27/2021
413,Bdjobs.com,2/14/2017,3/21/2017,4/1/2017,4/16/2017
414,Bdjobs.com,1/13/2021,2/4/2021,2/13/2021,3/4/2021
415,LinkedIn,4/21/2018,5/25/2018,6/4/2018,6/29/2018
416,LinkedIn,2/19/2020,3/10/2020,3/24/2020,4/13/2020
417,Bdjobs.com,4/9/2019,5/15/2019,5/31/2019,6/23/2019
418,Bdjobs.com,6/10/2023,7/11/2023,7/27/2023,8/23/2023
419,Bdjobs.com,7/24/2020,8/30/2020,9/10/2020,10/1/2020
420,Employee Referral,9/27/2020,10/24/2020,11/2/2020,11/23/2020
421,LinkedIn,10/31/2017,11/21/2017,11/28/2017,12/20/2017
422,Employee Referral,1/16/2020,2/10/2020,2/18/2020,3/13/2020
423,LinkedIn,6/29/2020,7/10/2020,7/21/2020,8/17/2020
424,Company Website,7/1/2021,7/18/2021,7/28/2021,8/12/2021
425,Bdjobs.com,3/7/2021,3/17/2021,4/5/2021,4/21/2021
426,Bdjobs.com,1/6/2021,1/30/2021,2/13/2021,3/13/2021
427,LinkedIn,11/23/2022,12/11/2022,12/23/2022,1/17/2023
428,LinkedIn,9/17/2021,10/20/2021,11/7/2021,11/26/2021
429,LinkedIn,7/24/2017,8/5/2017,8/20/2017,9/11/2017
430,Bdjobs.com,8/17/2021,9/20/2021,10/4/2021,10/26/2021
431,Agency,7/20/2019,8/20/2019,8/28/2019,9/20/2019
432,Employee Referral,6/15/2021,7/3/2021,7/17/2021,8/11/2021
433,Employee Referral,8/24/2021,9/4/2021,9/23/2021,10/16/2021
434,Employee Referral,11/29/2016,1/4/2017,1/16/2017,2/11/2017
435,LinkedIn,5/5/2022,5/16/2022,6/3/2022,6/25/2022
436,LinkedIn,12/20/2015,1/11/2016,1/26/2016,2/18/2016
437,Bdjobs.com,2/29/2016,3/16/2016,3/30/2016,4/16/2016
438,LinkedIn,5/30/2021,6/25/2021,7/5/2021,7/24/2021
439,Employee Referral,4/29/2018,5/27/2018,6/5/2018,7/4/2018
440,Company Website,5/21/2020,6/8/2020,6/21/2020,7/18/2020
441,LinkedIn,4/11/2020,5/14/2020,5/22/2020,6/12/2020
442,LinkedIn,7/3/2019,7/18/2019,7/29/2019,8/21/2019
443,Bdjobs.com,2/12/2021,2/24/2021,3/11/2021,3/30/2021
444,Company Website,11/18/2020,12/4/2020,12/11/2020,1/6/2021
445,Bdjobs.com,12/25/2020,1/17/2021,1/29/2021,2/16/2021
446,Bdjobs.com,1/6/2015,2/1/2015,2/14/2015,3/15/2015
447,Agency,8/30/2021,9/20/2021,9/27/2021,10/18/2021
448,Bdjobs.com,3/28/2016,5/4/2016,5/12/2016,5/31/2016
449,Company Website,4/11/2021,4/26/2021,5/13/2021,6/8/2021
450,LinkedIn,8/26/2021,9/23/2021,10/6/2021,10/21/2021
451,Employee Referral,5/27/2019,7/2/2019,7/12/2019,8/5/2019
452,Bdjobs.com,11/24/2016,12/24/2016,1/9/2017,2/1/2017
453,Company Website,7/22/2023,8/16/2023,8/28/2023,9/25/2023
454,Employee Referral,4/7/2022,5/2/2022,5/21/2022,6/12/2022
455,LinkedIn,6/15/2022,7/13/2022,7/21/2022,8/7/2022
456,LinkedIn,3/20/2015,4/10/2015,4/21/2015,5/17/2015
457,Bdjobs.com,5/17/2021,6/8/2021,6/23/2021,7/14/2021
458,Company Website,12/27/2019,1/16/2020,1/25/2020,2/14/2020
459,Bdjobs.com,1/17/2018,2/9/2018,2/26/2018,3/20/2018
460,Employee Referral,10/22/2015,11/10/2015,11/22/2015,12/20/2015
461,Bdjobs.com,10/7/2022,11/2/2022,11/10/2022,12/8/2022
462,LinkedIn,2/12/2020,2/28/2020,3/15/2020,4/8/2020
463,LinkedIn,11/9/2022,12/8/2022,12/21/2022,1/12/2023
464,Company Website,7/7/2020,7/18/2020,8/2/2020,8/25/2020
465,LinkedIn,9/28/2016,10/28/2016,11/10/2016,12/9/2016
466,LinkedIn,7/12/2016,8/20/2016,8/27/2016,9/24/2016
467,LinkedIn,5/20/2018,5/31/2018,6/8/2018,7/1/2018
468,Bdjobs.com,1/3/2018,2/10/2018,2/20/2018,3/10/2018
469,Company Website,7/30/2019,9/5/2019,9/21/2019,10/13/2019
470,Bdjobs.com,9/28/2019,10/10/2019,10/21/2019,11/5/2019
471,Bdjobs.com,4/22/2018,5/7/2018,5/18/2018,6/15/2018
472,Company Website,11/22/2017,12/15/2017,1/1/2018,1/25/2018
473,Employee Referral,5/18/2022,6/20/2022,6/27/2022,7/23/2022
474,Company Website,1/1/2021,2/5/2021,2/13/2021,3/1/2021
475,LinkedIn,4/30/2020,5/24/2020,6/2/2020,6/23/2020
476,LinkedIn,3/4/2021,3/20/2021,3/30/2021,4/21/2021
477,LinkedIn,1/21/2020,2/4/2020,2/14/2020,3/14/2020
478,Company Website,2/6/2021,3/9/2021,3/28/2021,4/14/2021
479,Employee Referral,3/1/2022,3/26/2022,4/8/2022,5/5/2022
480,LinkedIn,9/9/2020,9/27/2020,10/6/2020,11/1/2020
481,Bdjobs.com,6/10/2018,6/23/2018,7/2/2018,7/29/2018
482,Bdjobs.com,10/8/2022,11/15/2022,11/29/2022,12/21/2022
483,LinkedIn,6/26/2022,7/19/2022,8/7/2022,8/25/2022
484,Bdjobs.com,8/10/2020,8/27/2020,9/9/2020,9/30/2020
485,Bdjobs.com,5/23/2022,6/21/2022,7/3/2022,7/19/2022
486,Bdjobs.com,4/8/2023,5/5/2023,5/24/2023,6/11/2023
487,LinkedIn,7/12/2021,7/25/2021,8/5/2021,8/24/2021
488,LinkedIn,2/25/2021,3/9/2021,3/19/2021,4/7/2021
489,Company Website,3/18/2022,4/21/2022,5/2/2022,5/25/2022
490,LinkedIn,3/24/2020,4/5/2020,4/21/2020,5/18/2020
491,Employee Referral,5/28/2017,6/26/2017,7/5/2017,7/24/2017
492,LinkedIn,6/5/2020,6/23/2020,7/5/2020,7/23/2020
493,Bdjobs.com,11/11/2020,12/10/2020,12/25/2020,1/17/2021
494,LinkedIn,1/27/2020,2/29/2020,3/18/2020,4/4/2020
495,Employee Referral,5/21/2020,6/16/2020,6/25/2020,7/17/2020
496,Bdjobs.com,4/20/2020,5/8/2020,5/15/2020,6/1/2020
497,LinkedIn,4/8/2015,4/23/2015,5/5/2015,5/24/2015
498,Company Website,7/18/2020,8/13/2020,8/26/2020,9/10/2020
499,Agency,5/18/2021,5/28/2021,6/8/2021,7/6/2021
500,LinkedIn,9/28/2021,10/19/2021,10/29/2021,11/27/2021
501,LinkedIn,5/17/2020,6/7/2020,6/24/2020,7/22/2020
502,Employee Referral,11/25/2022,12/13/2022,12/26/2022,1/12/2023
503,Company Website,11/3/2020,11/22/2020,12/5/2020,12/21/2020
504,Bdjobs.com,8/17/2022,9/23/2022,10/9/2022,11/2/2022
505,Bdjobs.com,11/14/2019,12/21/2019,1/6/2020,1/29/2020
506,Employee Referral,8/12/2021,9/13/2021,9/22/2021,10/16/2021
507,Employee Referral,2/24/2021,3/31/2021,4/8/2021,5/1/2021
508,LinkedIn,7/7/2020,7/24/2020,8/12/2020,9/1/2020
509,Bdjobs.com,6/23/2021,7/9/2021,7/26/2021,8/10/2021
510,Bdjobs.com,9/7/2021,9/18/2021,10/6/2021,10/25/2021
511,LinkedIn,9/10/2021,9/24/2021,10/3/2021,10/28/2021
512,Company Website,12/20/2021,1/10/2022,1/28/2022,2/18/2022
513,Bdjobs.com,8/18/2023,8/28/2023,9/13/2023,10/9/2023
514,Employee Referral,5/22/2020,6/15/2020,6/29/2020,7/26/2020
515,Company Website,8/29/2019,10/1/2019,10/15/2019,11/8/2019
516,LinkedIn,2/27/2021,4/7/2021,4/23/2021,5/22/2021
517,Employee Referral,5/21/2021,6/21/2021,7/10/2021,7/31/2021
518,Agency,3/7/2020,3/17/2020,4/3/2020,4/25/2020
519,Agency,4/12/2018,5/7/2018,5/26/2018,6/13/2018
520,Agency,4/11/2015,5/14/2015,5/26/2015,6/12/2015
521,Bdjobs.com,4/6/2021,5/10/2021,5/25/2021,6/23/2021
522,LinkedIn,1/14/2020,2/16/2020,2/28/2020,3/25/2020
523,LinkedIn,5/12/2020,6/9/2020,6/23/2020,7/8/2020
524,Employee Referral,7/6/2020,7/22/2020,7/29/2020,8/26/2020
525,LinkedIn,2/17/2020,3/12/2020,3/19/2020,4/13/2020
526,Agency,10/13/2016,10/24/2016,11/2/2016,11/28/2016
527,Company Website,5/17/2021,6/23/2021,7/10/2021,8/7/2021
528,LinkedIn,7/17/2021,8/22/2021,8/31/2021,9/27/2021
529,Employee Referral,5/5/2020,5/25/2020,6/12/2020,7/3/2020
530,Bdjobs.com,4/25/2021,5/31/2021,6/15/2021,7/1/2021
531,Company Website,12/10/2014,1/17/2015,2/3/2015,2/20/2015
532,Agency,8/2/2021,9/1/2021,9/11/2021,9/26/2021
533,LinkedIn,11/29/2015,12/16/2015,1/3/2016,1/23/2016
534,Bdjobs.com,4/24/2020,5/26/2020,6/6/2020,7/5/2020
535,LinkedIn,9/24/2021,10/31/2021,11/12/2021,12/5/2021
536,LinkedIn,7/14/2021,8/3/2021,8/14/2021,9/5/2021
537,LinkedIn,2/18/2022,3/26/2022,4/12/2022,5/1/2022
538,LinkedIn,12/13/2020,1/13/2021,2/1/2021,2/23/2021
539,LinkedIn,9/6/2021,10/4/2021,10/22/2021,11/9/2021
540,LinkedIn,2/14/2022,3/7/2022,3/23/2022,4/19/2022
541,Company Website,6/14/2021,7/11/2021,7/22/2021,8/19/2021
542,Bdjobs.com,10/7/2015,10/31/2015,11/13/2015,12/4/2015
543,Employee Referral,12/22/2019,1/7/2020,1/26/2020,2/13/2020
544,Employee Referral,11/2/2020,11/28/2020,12/10/2020,1/2/2021
545,Employee Referral,10/3/2020,10/26/2020,11/14/2020,12/8/2020
546,Employee Referral,3/17/2017,4/11/2017,4/28/2017,5/25/2017
547,Bdjobs.com,6/16/2020,7/5/2020,7/20/2020,8/4/2020
548,Employee Referral,9/17/2015,10/21/2015,11/4/2015,12/2/2015
549,Bdjobs.com,1/6/2023,2/6/2023,2/22/2023,3/11/2023
550,Bdjobs.com,7/26/2017,8/22/2017,9/3/2017,9/25/2017
551,Bdjobs.com,5/8/2021,5/31/2021,6/15/2021,7/4/2021
552,LinkedIn,9/14/2022,9/24/2022,10/2/2022,10/17/2022
553,Bdjobs.com,3/25/2019,4/25/2019,5/12/2019,5/28/2019
554,Company Website,5/28/2020,6/16/2020,7/2/2020,7/29/2020
555,Company Website,9/11/2015,9/21/2015,10/4/2015,10/20/2015
556,Agency,3/16/2020,3/28/2020,4/6/2020,4/22/2020
557,Employee Referral,7/2/2020,8/6/2020,8/15/2020,8/31/2020
558,Bdjobs.com,4/20/2020,5/11/2020,5/20/2020,6/12/2020
559,Bdjobs.com,10/16/2023,10/30/2023,11/8/2023,12/1/2023
560,Company Website,2/8/2020,2/21/2020,3/11/2020,3/28/2020
561,Bdjobs.com,6/28/2019,7/13/2019,7/23/2019,8/20/2019
562,LinkedIn,4/26/2017,6/2/2017,6/17/2017,7/13/2017
563,Bdjobs.com,5/16/2020,6/19/2020,6/29/2020,7/28/2020
564,Employee Referral,4/10/2022,5/2/2022,5/13/2022,5/29/2022
565,Bdjobs.com,6/19/2020,6/30/2020,7/19/2020,8/3/2020
566,Bdjobs.com,5/12/2023,5/26/2023,6/13/2023,7/1/2023
567,LinkedIn,9/13/2019,10/22/2019,11/3/2019,11/19/2019
568,Bdjobs.com,2/11/2020,3/7/2020,3/23/2020,4/12/2020
569,Bdjobs.com,6/12/2021,6/28/2021,7/11/2021,8/6/2021
570,Employee Referral,7/27/2018,8/6/2018,8/21/2018,9/5/2018
571,Bdjobs.com,9/26/2020,10/22/2020,11/4/2020,11/21/2020
572,Bdjobs.com,5/28/2023,6/17/2023,6/30/2023,7/21/2023
573,LinkedIn,2/28/2022,3/16/2022,4/1/2022,4/16/2022
574,Employee Referral,6/12/2021,7/12/2021,7/23/2021,8/21/2021
575,Bdjobs.com,3/8/2021,4/13/2021,4/26/2021,5/15/2021
576,Bdjobs.com,7/17/2018,8/9/2018,8/22/2018,9/19/2018
577,LinkedIn,4/23/2018,5/8/2018,5/22/2018,6/16/2018
578,LinkedIn,1/4/2017,2/12/2017,2/22/2017,3/22/2017
579,LinkedIn,7/24/2021,8/3/2021,8/14/2021,9/1/2021
580,Bdjobs.com,3/16/2015,3/31/2015,4/10/2015,4/25/2015
581,Company Website,3/27/2023,5/4/2023,5/23/2023,6/16/2023
582,Bdjobs.com,3/21/2017,4/21/2017,5/7/2017,5/30/2017
583,Employee Referral,10/4/2020,10/25/2020,11/5/2020,11/29/2020
584,LinkedIn,7/18/2022,8/5/2022,8/14/2022,9/10/2022
585,LinkedIn,9/10/2019,10/5/2019,10/22/2019,11/18/2019
586,LinkedIn,11/7/2014,12/8/2014,12/25/2014,1/20/2015
587,Company Website,4/6/2022,5/3/2022,5/16/2022,6/5/2022
588,Bdjobs.com,2/24/2020,3/22/2020,4/5/2020,4/28/2020
589,LinkedIn,11/23/2017,12/18/2017,1/5/2018,1/30/2018
590,Company Website,9/7/2022,10/9/2022,10/19/2022,11/5/2022
591,LinkedIn,8/19/2022,9/16/2022,10/4/2022,10/24/2022
592,Employee Referral,10/29/2020,11/12/2020,11/29/2020,12/21/2020
593,LinkedIn,9/16/2021,10/20/2021,11/8/2021,12/1/2021
594,LinkedIn,10/22/2022,11/26/2022,12/9/2022,1/1/2023
595,LinkedIn,12/16/2019,1/11/2020,1/19/2020,2/8/2020
596,Bdjobs.com,9/18/2016,10/15/2016,10/23/2016,11/10/2016
597,Bdjobs.com,2/22/2019,3/21/2019,3/29/2019,4/21/2019
598,LinkedIn,2/17/2023,2/27/2023,3/10/2023,4/1/2023
599,LinkedIn,4/15/2022,5/19/2022,5/31/2022,6/17/2022
600,Employee Referral,9/15/2021,10/24/2021,11/2/2021,11/21/2021
601,Employee Referral,12/6/2018,12/23/2018,1/3/2019,1/22/2019
602,LinkedIn,9/28/2022,11/4/2022,11/14/2022,12/13/2022
603,Employee Referral,7/14/2020,8/7/2020,8/25/2020,9/13/2020
604,Bdjobs.com,10/7/2020,10/26/2020,11/8/2020,12/3/2020
605,Bdjobs.com,1/25/2022,2/19/2022,3/4/2022,3/21/2022
606,Bdjobs.com,7/15/2018,8/22/2018,9/1/2018,9/23/2018
607,Employee Referral,9/7/2018,9/22/2018,10/9/2018,11/1/2018
608,Company Website,2/28/2019,3/11/2019,3/27/2019,4/25/2019
609,LinkedIn,2/20/2023,3/29/2023,4/12/2023,5/4/2023
610,Employee Referral,3/31/2021,4/24/2021,5/10/2021,5/29/2021
611,Company Website,11/16/2017,12/7/2017,12/22/2017,1/13/2018
612,Employee Referral,4/5/2023,5/12/2023,5/30/2023,6/14/2023
613,Company Website,9/25/2017,10/14/2017,10/26/2017,11/12/2017
614,Employee Referral,12/10/2020,12/28/2020,1/11/2021,1/26/2021
615,Employee Referral,2/7/2022,3/1/2022,3/17/2022,4/13/2022
616,LinkedIn,8/26/2021,9/26/2021,10/14/2021,11/1/2021
617,Employee Referral,11/8/2021,11/19/2021,11/29/2021,12/22/2021
618,LinkedIn,4/27/2016,5/13/2016,5/24/2016,6/10/2016
619,Agency,7/10/2021,7/25/2021,8/1/2021,8/26/2021
620,Bdjobs.com,5/24/2020,6/21/2020,6/30/2020,7/19/2020
621,Bdjobs.com,4/16/2020,4/29/2020,5/18/2020,6/12/2020
622,LinkedIn,2/14/2018,2/25/2018,3/13/2018,4/11/2018
623,Bdjobs.com,12/20/2022,1/28/2023,2/7/2023,3/7/2023
624,LinkedIn,4/10/2019,4/24/2019,5/4/2019,6/1/2019
625,Employee Referral,6/30/2020,7/14/2020,8/1/2020,8/30/2020
626,Bdjobs.com,4/15/2016,5/18/2016,5/29/2016,6/13/2016
627,Bdjobs.com,1/6/2017,1/26/2017,2/6/2017,3/6/2017
628,Employee Referral,1/29/2022,2/19/2022,3/8/2022,4/4/2022
629,Employee Referral,6/21/2022,7/21/2022,8/9/2022,8/26/2022
630,Employee Referral,5/15/2018,6/4/2018,6/18/2018,7/6/2018
631,LinkedIn,10/14/2015,11/14/2015,11/25/2015,12/18/2015
632,Employee Referral,3/26/2021,4/16/2021,5/3/2021,5/28/2021
633,Bdjobs.com,8/1/2020,8/12/2020,8/20/2020,9/17/2020
634,Bdjobs.com,8/22/2020,9/28/2020,10/11/2020,10/31/2020
635,LinkedIn,1/17/2022,2/18/2022,3/8/2022,3/27/2022
636,Bdjobs.com,1/5/2018,2/11/2018,3/1/2018,3/21/2018
637,Employee Referral,5/9/2023,6/13/2023,6/22/2023,7/15/2023
638,Bdjobs.com,5/2/2021,5/25/2021,6/11/2021,6/27/2021
639,Bdjobs.com,7/27/2015,8/11/2015,8/30/2015,9/19/2015
640,Employee Referral,9/4/2022,10/9/2022,10/28/2022,11/14/2022
641,Bdjobs.com,2/13/2020,3/7/2020,3/15/2020,4/13/2020
642,Employee Referral,11/23/2016,12/20/2016,1/5/2017,1/31/2017
643,Bdjobs.com,4/10/2021,5/11/2021,5/22/2021,6/10/2021
644,LinkedIn,11/21/2022,12/25/2022,1/1/2023,1/20/2023
645,Company Website,9/13/2020,10/12/2020,10/23/2020,11/9/2020
646,Agency,6/11/2020,7/2/2020,7/16/2020,8/11/2020
647,Employee Referral,9/10/2022,9/29/2022,10/17/2022,11/10/2022
648,Bdjobs.com,10/19/2020,11/19/2020,11/29/2020,12/22/2020
649,LinkedIn,2/14/2016,3/5/2016,3/19/2016,4/9/2016
650,LinkedIn,7/24/2021,8/24/2021,9/6/2021,9/21/2021
651,Bdjobs.com,2/15/2019,3/5/2019,3/20/2019,4/16/2019
652,LinkedIn,1/26/2021,2/11/2021,2/18/2021,3/11/2021
653,Company Website,12/2/2018,12/17/2018,12/28/2018,1/19/2019
654,Bdjobs.com,1/17/2020,2/24/2020,3/9/2020,3/30/2020
655,Bdjobs.com,9/26/2019,10/12/2019,10/29/2019,11/21/2019
656,Bdjobs.com,5/9/2021,5/25/2021,6/5/2021,6/30/2021
657,LinkedIn,5/18/2020,5/31/2020,6/14/2020,7/10/2020
658,Agency,3/7/2020,4/5/2020,4/24/2020,5/21/2020
659,Bdjobs.com,1/22/2021,2/18/2021,3/4/2021,3/30/2021
660,LinkedIn,9/2/2015,9/19/2015,9/27/2015,10/26/2015
661,Employee Referral,8/5/2016,8/27/2016,9/12/2016,9/29/2016
662,Employee Referral,8/30/2020,9/30/2020,10/15/2020,11/7/2020
663,Bdjobs.com,10/4/2020,11/2/2020,11/14/2020,11/30/2020
664,LinkedIn,9/17/2021,10/14/2021,10/24/2021,11/11/2021
665,Employee Referral,7/9/2019,7/28/2019,8/9/2019,8/31/2019
666,Employee Referral,9/27/2016,10/23/2016,11/2/2016,11/21/2016
667,Bdjobs.com,2/15/2022,3/14/2022,3/29/2022,4/27/2022
668,Bdjobs.com,10/25/2021,11/17/2021,11/26/2021,12/11/2021
669,Agency,2/19/2022,3/14/2022,3/23/2022,4/13/2022
670,Bdjobs.com,1/16/2023,1/27/2023,2/9/2023,3/6/2023
671,LinkedIn,8/25/2015,10/3/2015,10/21/2015,11/6/2015
672,LinkedIn,3/13/2022,3/24/2022,4/9/2022,5/2/2022
673,LinkedIn,5/26/2022,6/21/2022,7/2/2022,7/29/2022
674,Employee Referral,6/28/2020,7/23/2020,7/31/2020,8/22/2020
675,LinkedIn,3/1/2021,3/30/2021,4/6/2021,4/23/2021
676,Bdjobs.com,6/24/2021,7/13/2021,7/26/2021,8/10/2021
677,Bdjobs.com,4/5/2020,5/11/2020,5/27/2020,6/23/2020
678,Bdjobs.com,4/11/2021,4/26/2021,5/12/2021,6/10/2021
679,Employee Referral,1/21/2022,2/14/2022,3/5/2022,3/25/2022
680,Employee Referral,7/21/2018,8/25/2018,9/13/2018,10/7/2018
681,Company Website,4/18/2023,5/25/2023,6/12/2023,7/6/2023
682,Company Website,2/28/2020,3/27/2020,4/8/2020,5/3/2020
683,Company Website,8/3/2023,9/1/2023,9/17/2023,10/5/2023
684,Bdjobs.com,3/15/2023,4/2/2023,4/19/2023,5/13/2023
685,LinkedIn,11/6/2015,11/29/2015,12/17/2015,1/2/2016
686,Bdjobs.com,9/10/2020,9/27/2020,10/7/2020,10/22/2020
687,LinkedIn,2/20/2015,3/25/2015,4/5/2015,4/27/2015
688,Employee Referral,10/22/2020,11/14/2020,11/21/2020,12/6/2020
689,Bdjobs.com,10/22/2021,11/25/2021,12/14/2021,1/10/2022
690,LinkedIn,1/13/2020,2/19/2020,3/6/2020,3/22/2020
691,Employee Referral,6/10/2016,6/20/2016,6/27/2016,7/17/2016
692,LinkedIn,8/21/2021,9/24/2021,10/11/2021,10/30/2021
693,Bdjobs.com,8/30/2020,9/10/2020,9/19/2020,10/7/2020
694,Bdjobs.com,2/29/2020,3/31/2020,4/19/2020,5/14/2020
695,Bdjobs.com,11/28/2021,12/17/2021,12/27/2021,1/22/2022
696,Employee Referral,9/19/2021,10/4/2021,10/21/2021,11/7/2021
697,Bdjobs.com,12/27/2020,1/20/2021,2/4/2021,2/27/2021
698,Bdjobs.com,7/4/2015,7/29/2015,8/13/2015,9/3/2015
699,Bdjobs.com,1/27/2023,2/12/2023,2/21/2023,3/17/2023
700,LinkedIn,11/6/2016,11/30/2016,12/13/2016,1/9/2017
701,Employee Referral,4/25/2016,5/20/2016,6/5/2016,6/30/2016
702,Company Website,9/17/2020,10/12/2020,10/25/2020,11/22/2020
703,Company Website,4/26/2019,5/12/2019,5/19/2019,6/12/2019
704,Company Website,11/15/2021,12/24/2021,1/2/2022,1/17/2022
705,Employee Referral,9/10/2020,9/30/2020,10/8/2020,10/30/2020
706,Bdjobs.com,9/5/2018,9/24/2018,10/5/2018,10/25/2018
707,Bdjobs.com,10/3/2021,10/27/2021,11/3/2021,11/25/2021
708,Employee Referral,9/14/2021,9/28/2021,10/11/2021,11/1/2021
709,Bdjobs.com,5/17/2016,6/4/2016,6/19/2016,7/16/2016
710,Employee Referral,2/13/2020,3/6/2020,3/14/2020,4/12/2020
711,Company Website,7/15/2020,8/9/2020,8/28/2020,9/13/2020
712,Employee Referral,6/14/2021,7/5/2021,7/20/2021,8/16/2021
713,LinkedIn,2/20/2020,3/16/2020,3/29/2020,4/26/2020
714,LinkedIn,11/20/2014,12/14/2014,12/25/2014,1/17/2015
715,LinkedIn,2/28/2019,3/12/2019,3/24/2019,4/20/2019
716,Employee Referral,3/27/2019,4/25/2019,5/2/2019,5/29/2019
717,Bdjobs.com,1/21/2019,2/11/2019,2/25/2019,3/12/2019
718,LinkedIn,5/28/2023,6/22/2023,7/2/2023,7/17/2023
719,Bdjobs.com,2/1/2021,3/4/2021,3/15/2021,4/1/2021
720,Employee Referral,2/24/2020,3/20/2020,4/7/2020,5/4/2020
721,Bdjobs.com,8/31/2021,9/25/2021,10/8/2021,11/1/2021
722,Agency,4/5/2015,5/4/2015,5/18/2015,6/16/2015
723,Bdjobs.com,6/7/2016,7/11/2016,7/30/2016,8/21/2016
724,Company Website,8/31/2023,9/18/2023,9/29/2023,10/28/2023
725,Bdjobs.com,12/18/2020,1/14/2021,2/2/2021,2/18/2021
726,Bdjobs.com,6/4/2023,6/19/2023,7/5/2023,7/21/2023
727,Bdjobs.com,2/13/2021,3/20/2021,4/6/2021,5/1/2021
728,Company Website,8/25/2022,9/11/2022,9/23/2022,10/8/2022
729,Bdjobs.com,5/15/2023,6/14/2023,6/28/2023,7/24/2023
730,LinkedIn,3/27/2015,4/16/2015,4/25/2015,5/14/2015
731,Company Website,5/10/2022,6/15/2022,6/22/2022,7/12/2022
732,LinkedIn,1/25/2021,2/16/2021,2/28/2021,3/19/2021
733,Company Website,4/21/2023,5/23/2023,6/7/2023,7/4/2023
734,Employee Referral,8/11/2021,8/31/2021,9/16/2021,10/11/2021
735,Bdjobs.com,9/27/2021,10/19/2021,11/3/2021,11/30/2021
736,LinkedIn,10/28/2020,12/2/2020,12/19/2020,1/8/2021
737,Company Website,9/12/2016,10/6/2016,10/20/2016,11/6/2016
738,Bdjobs.com,7/21/2022,8/10/2022,8/21/2022,9/12/2022
739,Company Website,7/10/2022,8/15/2022,9/3/2022,9/29/2022
740,Bdjobs.com,7/17/2015,8/17/2015,8/31/2015,9/26/2015
741,Bdjobs.com,8/6/2020,9/1/2020,9/8/2020,9/26/2020
742,LinkedIn,7/14/2021,8/5/2021,8/13/2021,9/4/2021
743,Bdjobs.com,2/8/2020,3/6/2020,3/23/2020,4/11/2020
744,Employee Referral,9/29/2020,10/28/2020,11/14/2020,12/1/2020
745,LinkedIn,11/23/2021,1/1/2022,1/20/2022,2/11/2022
746,Bdjobs.com,9/27/2023,10/13/2023,10/29/2023,11/14/2023
747,LinkedIn,9/20/2022,10/20/2022,11/3/2022,11/23/2022
748,Bdjobs.com,3/16/2021,4/16/2021,5/3/2021,5/20/2021
749,Company Website,10/8/2022,10/20/2022,11/8/2022,11/27/2022
750,LinkedIn,6/4/2022,6/14/2022,6/28/2022,7/24/2022
751,Bdjobs.com,6/19/2020,7/7/2020,7/18/2020,8/4/2020
752,Agency,10/7/2015,11/13/2015,11/24/2015,12/10/2015
753,Employee Referral,10/25/2022,11/8/2022,11/25/2022,12/10/2022
754,Company Website,3/17/2022,4/25/2022,5/5/2022,5/30/2022
755,LinkedIn,3/30/2016,4/15/2016,4/23/2016,5/18/2016
756,Agency,9/27/2016,10/14/2016,10/27/2016,11/25/2016
757,LinkedIn,5/8/2022,6/2/2022,6/16/2022,7/7/2022
758,Bdjobs.com,3/17/2020,4/16/2020,5/2/2020,5/31/2020
759,Employee Referral,10/1/2020,10/11/2020,10/19/2020,11/6/2020
760,Bdjobs.com,9/5/2021,10/11/2021,10/18/2021,11/9/2021
761,Bdjobs.com,7/19/2021,8/19/2021,8/31/2021,9/20/2021
762,Employee Referral,8/26/2020,9/6/2020,9/18/2020,10/7/2020
763,Employee Referral,5/14/2022,6/2/2022,6/11/2022,7/3/2022
764,Company Website,10/6/2020,10/31/2020,11/10/2020,11/29/2020
765,LinkedIn,7/22/2015,8/13/2015,8/25/2015,9/11/2015
766,Company Website,12/27/2016,1/20/2017,1/28/2017,2/24/2017
767,LinkedIn,12/20/2020,1/12/2021,1/21/2021,2/9/2021
768,Employee Referral,7/25/2022,8/22/2022,8/29/2022,9/22/2022
769,LinkedIn,10/5/2021,11/1/2021,11/10/2021,12/6/2021
770,Bdjobs.com,3/7/2022,4/11/2022,4/20/2022,5/11/2022
771,LinkedIn,10/31/2019,11/17/2019,12/2/2019,12/17/2019
772,Bdjobs.com,6/5/2021,7/11/2021,7/28/2021,8/19/2021
773,Agency,9/8/2022,9/20/2022,9/27/2022,10/21/2022
774,Employee Referral,4/6/2020,5/13/2020,5/28/2020,6/23/2020
775,Bdjobs.com,9/7/2015,10/16/2015,10/25/2015,11/14/2015
776,Employee Referral,4/20/2023,5/2/2023,5/18/2023,6/5/2023
777,Employee Referral,10/25/2019,11/30/2019,12/14/2019,1/12/2020
778,LinkedIn,11/6/2017,12/10/2017,12/23/2017,1/10/2018
779,Agency,5/20/2017,6/4/2017,6/18/2017,7/3/2017
780,Employee Referral,6/5/2020,6/19/2020,6/30/2020,7/15/2020
781,LinkedIn,1/4/2021,1/20/2021,1/29/2021,2/17/2021
782,Employee Referral,5/21/2017,6/6/2017,6/13/2017,7/4/2017
783,Bdjobs.com,2/5/2016,3/13/2016,3/26/2016,4/13/2016
784,LinkedIn,3/12/2020,4/16/2020,4/25/2020,5/19/2020
785,Bdjobs.com,11/5/2021,12/7/2021,12/15/2021,1/10/2022
786,Agency,3/13/2021,4/4/2021,4/15/2021,5/9/2021
787,Employee Referral,3/6/2017,4/4/2017,4/22/2017,5/7/2017
788,LinkedIn,3/17/2019,4/4/2019,4/23/2019,5/22/2019
789,Bdjobs.com,11/17/2020,12/10/2020,12/20/2020,1/12/2021
790,LinkedIn,3/22/2016,4/21/2016,5/4/2016,5/30/2016
791,Employee Referral,2/4/2021,2/26/2021,3/6/2021,3/21/2021
792,Bdjobs.com,5/31/2018,6/24/2018,7/9/2018,8/1/2018
793,Employee Referral,8/24/2021,9/10/2021,9/19/2021,10/18/2021
794,LinkedIn,5/9/2023,6/12/2023,6/27/2023,7/22/2023
795,Bdjobs.com,5/28/2020,6/30/2020,7/12/2020,8/2/2020
796,LinkedIn,9/14/2015,10/11/2015,10/24/2015,11/10/2015
797,Employee Referral,5/2/2021,5/21/2021,6/2/2021,6/19/2021
798,Company Website,9/8/2015,9/25/2015,10/6/2015,11/2/2015
799,Bdjobs.com,4/6/2022,4/20/2022,4/30/2022,5/17/2022
800,LinkedIn,12/28/2014,1/16/2015,1/31/2015,2/18/2015
801,Bdjobs.com,3/13/2020,4/6/2020,4/22/2020,5/11/2020
802,Bdjobs.com,11/2/2020,11/19/2020,11/30/2020,12/22/2020
803,LinkedIn,12/15/2019,1/23/2020,2/4/2020,2/22/2020
804,Bdjobs.com,12/14/2014,12/27/2014,1/15/2015,2/6/2015
805,Employee Referral,1/18/2016,2/7/2016,2/16/2016,3/11/2016
806,Company Website,1/6/2021,2/7/2021,2/19/2021,3/18/2021
807,LinkedIn,3/16/2021,3/27/2021,4/13/2021,5/7/2021
808,LinkedIn,10/15/2017,11/7/2017,11/20/2017,12/19/2017
809,Bdjobs.com,4/28/2021,5/29/2021,6/16/2021,7/4/2021
810,Employee Referral,6/15/2017,6/27/2017,7/13/2017,8/11/2017
811,Employee Referral,6/14/2023,7/1/2023,7/10/2023,8/4/2023
812,Agency,3/31/2021,4/13/2021,5/2/2021,5/22/2021
813,Bdjobs.com,8/22/2017,9/2/2017,9/14/2017,10/11/2017
814,Agency,8/11/2020,9/5/2020,9/18/2020,10/17/2020
815,Bdjobs.com,6/24/2021,7/26/2021,8/9/2021,8/26/2021
816,Agency,8/24/2015,9/11/2015,9/18/2015,10/17/2015
817,Employee Referral,9/27/2020,11/4/2020,11/18/2020,12/15/2020
818,Company Website,11/20/2020,12/23/2020,1/3/2021,1/28/2021
819,LinkedIn,8/7/2021,8/26/2021,9/11/2021,10/4/2021
820,Employee Referral,3/15/2020,4/18/2020,4/27/2020,5/25/2020
821,Agency,7/30/2022,8/12/2022,8/23/2022,9/13/2022
822,LinkedIn,7/31/2020,9/4/2020,9/16/2020,10/3/2020
823,LinkedIn,12/29/2021,1/22/2022,1/31/2022,2/27/2022
824,LinkedIn,2/17/2016,2/29/2016,3/7/2016,4/3/2016
825,Employee Referral,7/14/2020,8/4/2020,8/18/2020,9/6/2020
826,Bdjobs.com,4/11/2018,4/22/2018,5/1/2018,5/24/2018
827,LinkedIn,3/11/2021,3/30/2021,4/7/2021,5/2/2021
828,LinkedIn,5/15/2022,5/26/2022,6/3/2022,7/1/2022
829,Employee Referral,2/17/2022,3/6/2022,3/19/2022,4/11/2022
830,Bdjobs.com,1/7/2021,2/12/2021,2/19/2021,3/14/2021
831,LinkedIn,2/1/2022,3/9/2022,3/22/2022,4/20/2022
832,LinkedIn,11/10/2020,11/30/2020,12/16/2020,1/12/2021
833,Bdjobs.com,9/7/2018,9/21/2018,9/28/2018,10/18/2018
834,Employee Referral,8/24/2017,9/29/2017,10/14/2017,11/9/2017
835,LinkedIn,5/16/2019,6/6/2019,6/24/2019,7/20/2019
836,Bdjobs.com,5/16/2015,6/17/2015,7/5/2015,7/27/2015
837,Bdjobs.com,5/10/2023,5/22/2023,5/30/2023,6/14/2023
838,Bdjobs.com,8/15/2020,8/28/2020,9/7/2020,9/24/2020
839,Agency,12/30/2021,1/16/2022,2/4/2022,3/4/2022
840,Bdjobs.com,1/7/2021,2/7/2021,2/19/2021,3/14/2021
841,Company Website,1/21/2020,2/6/2020,2/17/2020,3/4/2020
842,Bdjobs.com,6/3/2016,7/1/2016,7/20/2016,8/15/2016
843,Company Website,9/21/2021,10/27/2021,11/6/2021,12/2/2021
844,Bdjobs.com,8/19/2020,9/4/2020,9/14/2020,10/13/2020
845,Agency,11/13/2019,12/3/2019,12/18/2019,1/12/2020
846,Employee Referral,8/28/2019,9/30/2019,10/10/2019,10/30/2019
847,Bdjobs.com,8/8/2019,8/19/2019,9/6/2019,9/25/2019
848,Employee Referral,1/22/2021,2/20/2021,3/9/2021,4/7/2021
849,LinkedIn,4/20/2017,5/5/2017,5/18/2017,6/5/2017
850,LinkedIn,12/30/2019,1/21/2020,2/3/2020,2/23/2020
851,LinkedIn,12/14/2016,12/24/2016,1/1/2017,1/30/2017
852,Company Website,11/1/2016,12/1/2016,12/18/2016,1/4/2017
853,Bdjobs.com,5/28/2021,6/26/2021,7/7/2021,7/26/2021
854,LinkedIn,2/20/2020,3/30/2020,4/17/2020,5/11/2020
855,Bdjobs.com,4/3/2021,4/23/2021,5/1/2021,5/17/2021
856,LinkedIn,6/28/2020,7/26/2020,8/5/2020,8/28/2020
857,Agency,12/19/2019,1/17/2020,2/1/2020,2/23/2020
858,LinkedIn,9/29/2017,11/5/2017,11/23/2017,12/19/2017
859,Company Website,2/13/2017,3/8/2017,3/18/2017,4/2/2017
860,LinkedIn,12/12/2020,12/28/2020,1/11/2021,2/2/2021
861,LinkedIn,5/9/2021,6/7/2021,6/20/2021,7/9/2021
862,Employee Referral,3/17/2017,3/29/2017,4/10/2017,4/25/2017
863,Employee Referral,8/12/2022,8/24/2022,9/9/2022,9/27/2022
864,Bdjobs.com,12/12/2019,12/27/2019,1/14/2020,2/5/2020
865,Employee Referral,2/11/2022,3/2/2022,3/11/2022,3/29/2022
866,Employee Referral,9/27/2020,10/12/2020,10/24/2020,11/14/2020
867,Bdjobs.com,9/23/2019,10/31/2019,11/18/2019,12/5/2019
868,Employee Referral,10/22/2020,11/20/2020,12/7/2020,1/4/2021
869,Bdjobs.com,12/15/2016,1/15/2017,1/23/2017,2/11/2017
870,Bdjobs.com,5/15/2017,6/11/2017,6/30/2017,7/17/2017
871,Employee Referral,8/2/2016,9/7/2016,9/22/2016,10/15/2016
872,Bdjobs.com,2/10/2021,3/11/2021,3/19/2021,4/10/2021
873,Bdjobs.com,10/9/2021,11/1/2021,11/14/2021,12/5/2021
874,Bdjobs.com,12/25/2020,1/29/2021,2/10/2021,2/25/2021
875,LinkedIn,10/25/2017,11/6/2017,11/22/2017,12/13/2017
876,Agency,2/17/2023,3/11/2023,3/21/2023,4/6/2023
877,LinkedIn,3/24/2021,4/6/2021,4/19/2021,5/17/2021
878,LinkedIn,2/20/2017,3/3/2017,3/13/2017,4/1/2017
879,Company Website,11/19/2022,12/3/2022,12/21/2022,1/11/2023
880,LinkedIn,12/10/2022,1/3/2023,1/11/2023,1/31/2023
881,Bdjobs.com,5/14/2020,6/5/2020,6/13/2020,7/11/2020
882,LinkedIn,5/13/2015,6/20/2015,7/7/2015,7/23/2015
883,LinkedIn,12/6/2018,12/20/2018,12/27/2018,1/24/2019
884,Employee Referral,9/30/2015,10/30/2015,11/7/2015,11/23/2015
885,Company Website,11/11/2020,12/2/2020,12/19/2020,1/7/2021
886,LinkedIn,2/15/2020,3/2/2020,3/13/2020,4/9/2020
887,Bdjobs.com,12/23/2020,1/24/2021,2/11/2021,3/12/2021
888,Employee Referral,3/2/2020,3/25/2020,4/3/2020,4/24/2020
889,Employee Referral,5/6/2017,5/18/2017,6/1/2017,6/16/2017
890,LinkedIn,9/28/2020,10/27/2020,11/10/2020,11/25/2020
891,LinkedIn,2/23/2021,3/21/2021,4/1/2021,4/24/2021
892,Employee Referral,9/3/2023,9/14/2023,10/3/2023,10/29/2023
893,Bdjobs.com,11/19/2021,12/13/2021,12/23/2021,1/21/2022
894,Employee Referral,2/6/2022,3/2/2022,3/14/2022,4/6/2022
895,LinkedIn,6/8/2021,7/3/2021,7/10/2021,8/3/2021
896,Employee Referral,7/13/2016,8/21/2016,9/1/2016,9/25/2016
897,Bdjobs.com,3/25/2019,4/17/2019,4/30/2019,5/15/2019
898,Employee Referral,5/23/2021,6/28/2021,7/16/2021,8/6/2021
899,Bdjobs.com,1/30/2022,2/23/2022,3/9/2022,4/1/2022
900,Bdjobs.com,3/5/2022,4/6/2022,4/25/2022,5/17/2022
901,LinkedIn,6/16/2020,7/10/2020,7/22/2020,8/18/2020
902,Company Website,2/20/2020,3/10/2020,3/28/2020,4/21/2020
903,Bdjobs.com,7/4/2017,7/15/2017,7/29/2017,8/24/2017
904,LinkedIn,5/15/2019,5/28/2019,6/16/2019,7/3/2019
905,Bdjobs.com,11/24/2022,12/9/2022,12/23/2022,1/19/2023
906,Company Website,9/17/2023,10/3/2023,10/22/2023,11/13/2023
907,Bdjobs.com,5/10/2021,6/18/2021,7/4/2021,7/24/2021
908,LinkedIn,2/12/2022,3/17/2022,3/26/2022,4/20/2022
909,LinkedIn,8/30/2020,9/10/2020,9/27/2020,10/22/2020
910,Bdjobs.com,1/11/2016,2/13/2016,2/24/2016,3/24/2016
911,Employee Referral,7/17/2021,8/11/2021,8/29/2021,9/26/2021
912,Bdjobs.com,4/25/2023,5/5/2023,5/17/2023,6/5/2023
913,LinkedIn,6/30/2022,7/26/2022,8/6/2022,8/31/2022
914,Employee Referral,9/19/2021,10/27/2021,11/9/2021,11/27/2021
915,Company Website,7/11/2019,7/27/2019,8/11/2019,8/29/2019
916,LinkedIn,5/17/2016,6/21/2016,7/5/2016,7/27/2016
917,Company Website,11/13/2015,12/14/2015,12/30/2015,1/23/2016
918,Bdjobs.com,9/17/2021,10/26/2021,11/3/2021,11/22/2021
919,Agency,7/21/2020,8/5/2020,8/22/2020,9/19/2020
920,Employee Referral,11/16/2016,12/23/2016,1/11/2017,1/29/2017
921,Bdjobs.com,10/10/2020,10/22/2020,11/2/2020,11/28/2020
922,Employee Referral,11/10/2019,12/11/2019,12/18/2019,1/14/2020
923,Bdjobs.com,8/28/2021,9/25/2021,10/8/2021,10/29/2021
924,Employee Referral,8/2/2019,8/12/2019,8/25/2019,9/9/2019
925,Employee Referral,3/25/2021,4/26/2021,5/15/2021,6/12/2021
926,Agency,1/1/2021,1/18/2021,2/1/2021,2/19/2021
927,LinkedIn,8/25/2021,9/20/2021,9/29/2021,10/17/2021
928,Bdjobs.com,7/14/2021,8/3/2021,8/16/2021,9/1/2021
929,Employee Referral,11/7/2022,12/1/2022,12/20/2022,1/16/2023
930,LinkedIn,12/30/2015,2/5/2016,2/18/2016,3/12/2016
931,Employee Referral,9/5/2021,9/19/2021,9/27/2021,10/18/2021
932,LinkedIn,1/6/2022,1/23/2022,2/1/2022,2/16/2022
933,Company Website,9/22/2020,10/14/2020,10/31/2020,11/23/2020
934,LinkedIn,4/30/2021,5/22/2021,5/30/2021,6/18/2021
935,Company Website,8/20/2023,9/9/2023,9/18/2023,10/16/2023
936,LinkedIn,7/9/2023,7/25/2023,8/6/2023,8/26/2023
937,LinkedIn,6/17/2022,7/22/2022,7/30/2022,8/15/2022
938,LinkedIn,2/11/2022,2/24/2022,3/13/2022,4/2/2022
939,Bdjobs.com,11/29/2019,12/10/2019,12/23/2019,1/21/2020
940,LinkedIn,1/22/2022,3/1/2022,3/16/2022,4/10/2022
941,LinkedIn,10/28/2014,11/24/2014,12/13/2014,1/3/2015
942,Bdjobs.com,5/5/2021,6/1/2021,6/10/2021,6/28/2021
943,Employee Referral,7/4/2016,8/12/2016,8/30/2016,9/23/2016
944,Company Website,5/10/2021,5/20/2021,5/28/2021,6/25/2021
945,Bdjobs.com,10/31/2014,12/3/2014,12/22/2014,1/16/2015
946,Company Website,2/10/2022,3/13/2022,3/27/2022,4/14/2022
947,Bdjobs.com,6/5/2020,7/6/2020,7/18/2020,8/10/2020
948,Employee Referral,2/24/2020,3/18/2020,3/31/2020,4/25/2020
949,Company Website,8/21/2021,9/4/2021,9/22/2021,10/21/2021
950,Bdjobs.com,11/4/2016,11/24/2016,12/10/2016,12/25/2016
951,Employee Referral,7/25/2016,8/4/2016,8/13/2016,8/31/2016
952,Bdjobs.com,5/2/2017,6/10/2017,6/27/2017,7/13/2017
953,Bdjobs.com,11/28/2021,12/21/2021,1/7/2022,1/29/2022
954,Employee Referral,7/12/2022,7/27/2022,8/9/2022,8/27/2022
955,Company Website,2/10/2020,3/20/2020,4/4/2020,5/2/2020
956,Company Website,11/7/2020,11/30/2020,12/7/2020,1/3/2021
957,LinkedIn,2/9/2017,3/4/2017,3/16/2017,4/8/2017
958,Bdjobs.com,4/27/2022,5/27/2022,6/11/2022,7/4/2022
959,Bdjobs.com,1/4/2020,1/14/2020,1/29/2020,2/25/2020
960,LinkedIn,5/24/2021,6/12/2021,6/30/2021,7/28/2021
961,Bdjobs.com,8/30/2022,10/8/2022,10/23/2022,11/15/2022
962,Bdjobs.com,7/5/2021,8/12/2021,8/24/2021,9/13/2021
963,Company Website,11/9/2021,12/6/2021,12/21/2021,1/5/2022
964,Bdjobs.com,8/2/2020,8/23/2020,8/30/2020,9/15/2020
965,LinkedIn,3/21/2021,4/8/2021,4/20/2021,5/6/2021
966,Bdjobs.com,7/11/2022,8/1/2022,8/8/2022,8/26/2022
967,Employee Referral,10/18/2021,11/20/2021,12/2/2021,12/18/2021
968,LinkedIn,5/19/2020,6/13/2020,6/26/2020,7/18/2020
969,LinkedIn,1/5/2020,1/19/2020,1/31/2020,2/21/2020
970,LinkedIn,7/11/2021,8/14/2021,8/30/2021,9/18/2021
971,Employee Referral,8/4/2021,9/7/2021,9/25/2021,10/15/2021
972,LinkedIn,8/11/2020,9/5/2020,9/22/2020,10/15/2020
973,Bdjobs.com,2/19/2016,3/22/2016,4/3/2016,4/27/2016
974,Employee Referral,5/2/2021,5/14/2021,5/27/2021,6/11/2021
975,Bdjobs.com,1/15/2021,2/5/2021,2/22/2021,3/22/2021
976,LinkedIn,6/8/2018,7/11/2018,7/24/2018,8/15/2018
977,LinkedIn,2/22/2023,3/17/2023,3/29/2023,4/14/2023
978,Employee Referral,2/6/2023,2/21/2023,3/6/2023,3/30/2023
979,Employee Referral,11/11/2022,12/9/2022,12/20/2022,1/5/2023
980,Bdjobs.com,6/18/2022,7/19/2022,7/28/2022,8/24/2022
981,Company Website,12/4/2016,12/31/2016,1/18/2017,2/7/2017
982,LinkedIn,3/8/2016,3/24/2016,4/4/2016,4/23/2016
983,Agency,5/31/2021,6/29/2021,7/12/2021,8/10/2021
984,Bdjobs.com,7/3/2018,8/11/2018,8/28/2018,9/21/2018
985,Company Website,1/3/2018,1/15/2018,1/31/2018,2/24/2018
986,Agency,7/30/2021,8/19/2021,9/3/2021,9/30/2021
987,LinkedIn,2/10/2021,3/7/2021,3/17/2021,4/8/2021
988,Bdjobs.com,5/3/2021,5/25/2021,6/9/2021,7/7/2021
989,Agency,9/9/2020,9/29/2020,10/12/2020,11/1/2020
990,Bdjobs.com,6/5/2020,7/12/2020,7/24/2020,8/19/2020
991,Employee Referral,5/19/2022,6/23/2022,6/30/2022,7/24/2022
992,LinkedIn,2/6/2021,2/28/2021,3/16/2021,4/14/2021
993,Company Website,6/22/2020,7/3/2020,7/10/2020,7/27/2020
994,LinkedIn,2/4/2019,2/15/2019,2/28/2019,3/23/2019
995,Company Website,10/13/2021,11/19/2021,11/27/2021,12/25/2021
996,Employee Referral,12/13/2020,1/8/2021,1/26/2021,2/22/2021
997,Employee Referral,3/20/2021,4/12/2021,4/22/2021,5/21/2021
998,Bdjobs.com,1/19/2020,1/30/2020,2/6/2020,2/26/2020
999,Bdjobs.com,12/6/2019,12/22/2019,1/1/2020,1/16/2020
1000,Company Website,3/23/2022,4/24/2022,5/6/2022,5/26/2022
1001,LinkedIn,12/25/2019,1/5/2020,1/12/2020,2/9/2020
1002,LinkedIn,4/21/2022,5/8/2022,5/15/2022,5/30/2022
1003,Employee Referral,6/13/2019,7/3/2019,7/13/2019,8/4/2019
1004,Employee Referral,1/23/2021,2/28/2021,3/17/2021,4/5/2021
1005,Employee Referral,10/24/2021,11/15/2021,11/29/2021,12/20/2021
1006,Employee Referral,8/11/2019,8/24/2019,9/8/2019,9/30/2019
1007,Agency,4/19/2023,5/2/2023,5/20/2023,6/8/2023
1008,LinkedIn,6/11/2023,7/8/2023,7/18/2023,8/6/2023
1009,Employee Referral,9/26/2021,10/12/2021,10/26/2021,11/12/2021
1010,LinkedIn,11/9/2020,12/9/2020,12/21/2020,1/5/2021
1011,Bdjobs.com,5/18/2021,6/7/2021,6/15/2021,7/2/2021
1012,LinkedIn,1/4/2020,1/26/2020,2/6/2020,3/3/2020
1013,LinkedIn,6/1/2020,6/25/2020,7/6/2020,7/21/2020
1014,LinkedIn,12/2/2021,12/31/2021,1/17/2022,2/2/2022
1015,Employee Referral,3/12/2021,4/10/2021,4/24/2021,5/21/2021
1016,Bdjobs.com,3/21/2019,4/23/2019,5/11/2019,6/9/2019
1017,Employee Referral,4/11/2021,5/4/2021,5/11/2021,6/6/2021
1018,Company Website,9/19/2021,10/2/2021,10/19/2021,11/7/2021
1019,LinkedIn,12/19/2019,1/3/2020,1/10/2020,2/5/2020
1020,Employee Referral,1/7/2022,1/26/2022,2/6/2022,2/28/2022
1021,LinkedIn,5/5/2020,5/17/2020,6/1/2020,6/22/2020
1022,LinkedIn,6/3/2021,6/19/2021,6/28/2021,7/13/2021
1023,LinkedIn,5/6/2020,5/31/2020,6/18/2020,7/5/2020
1024,Company Website,6/30/2021,7/12/2021,7/28/2021,8/18/2021
1025,LinkedIn,2/7/2022,3/14/2022,3/24/2022,4/9/2022
1026,Agency,9/14/2021,10/21/2021,11/5/2021,12/3/2021
1027,Employee Referral,2/10/2023,3/20/2023,3/27/2023,4/16/2023
1028,LinkedIn,6/11/2021,6/27/2021,7/14/2021,8/8/2021
1029,LinkedIn,12/1/2015,12/17/2015,12/27/2015,1/20/2016
1030,LinkedIn,8/13/2021,8/29/2021,9/8/2021,10/2/2021
1031,Bdjobs.com,11/22/2017,12/13/2017,12/24/2017,1/19/2018
1032,Bdjobs.com,3/26/2023,4/22/2023,5/3/2023,5/25/2023
1033,Employee Referral,5/17/2017,6/17/2017,7/1/2017,7/23/2017
1034,Bdjobs.com,9/21/2023,10/27/2023,11/10/2023,12/1/2023
1035,Bdjobs.com,8/10/2017,9/10/2017,9/26/2017,10/12/2017
1036,LinkedIn,9/20/2023,9/30/2023,10/13/2023,11/10/2023
1037,LinkedIn,6/5/2022,7/7/2022,7/23/2022,8/9/2022
1038,Bdjobs.com,7/28/2023,8/13/2023,9/1/2023,9/21/2023
1039,Bdjobs.com,4/4/2022,4/21/2022,5/3/2022,5/24/2022
1040,LinkedIn,5/21/2020,6/20/2020,7/5/2020,7/27/2020
1041,Bdjobs.com,1/24/2020,2/19/2020,3/8/2020,3/26/2020
1042,Employee Referral,3/6/2023,3/24/2023,4/9/2023,5/8/2023
1043,LinkedIn,10/30/2020,11/16/2020,12/5/2020,1/1/2021
1044,Bdjobs.com,1/3/2023,2/8/2023,2/25/2023,3/20/2023
1045,Company Website,8/14/2023,9/17/2023,9/27/2023,10/23/2023
1046,LinkedIn,2/4/2021,2/15/2021,2/23/2021,3/19/2021
1047,Company Website,3/29/2022,4/24/2022,5/8/2022,6/5/2022
1048,LinkedIn,3/20/2016,4/25/2016,5/12/2016,5/27/2016
1049,Employee Referral,6/16/2021,7/16/2021,7/23/2021,8/14/2021
1050,LinkedIn,12/6/2022,1/3/2023,1/14/2023,2/7/2023
1051,Bdjobs.com,10/7/2020,10/22/2020,11/10/2020,12/8/2020
1052,Bdjobs.com,6/2/2018,7/6/2018,7/21/2018,8/15/2018
1053,Employee Referral,10/26/2020,11/7/2020,11/24/2020,12/15/2020
1054,Employee Referral,11/15/2014,12/23/2014,1/6/2015,1/26/2015
1055,Agency,12/15/2016,12/26/2016,1/13/2017,2/6/2017
1056,LinkedIn,11/11/2021,11/24/2021,12/6/2021,1/4/2022
1057,Bdjobs.com,8/2/2023,8/30/2023,9/9/2023,9/30/2023
1058,Agency,5/19/2020,6/9/2020,6/24/2020,7/16/2020
1059,Employee Referral,9/15/2022,10/5/2022,10/23/2022,11/14/2022
1060,Bdjobs.com,6/15/2023,7/19/2023,7/26/2023,8/19/2023
1061,Bdjobs.com,10/30/2021,11/19/2021,11/26/2021,12/24/2021
1062,LinkedIn,12/8/2019,12/30/2019,1/9/2020,1/24/2020
1063,LinkedIn,1/14/2017,2/9/2017,2/23/2017,3/22/2017
1064,LinkedIn,2/17/2020,3/2/2020,3/18/2020,4/4/2020
1065,Employee Referral,5/17/2015,6/15/2015,6/25/2015,7/17/2015
1066,Bdjobs.com,1/9/2023,2/3/2023,2/16/2023,3/4/2023
1067,LinkedIn,10/28/2021,11/20/2021,12/5/2021,12/26/2021
1068,Agency,12/7/2020,1/9/2021,1/18/2021,2/5/2021
1069,Bdjobs.com,8/29/2015,9/22/2015,10/11/2015,11/7/2015
1070,Agency,1/11/2020,2/11/2020,2/25/2020,3/14/2020
1071,Bdjobs.com,12/28/2019,1/17/2020,1/24/2020,2/13/2020
1072,Bdjobs.com,1/11/2023,2/12/2023,2/26/2023,3/26/2023
1073,Company Website,11/11/2015,11/30/2015,12/11/2015,1/7/2016
1074,LinkedIn,5/29/2023,6/26/2023,7/15/2023,7/31/2023
1075,LinkedIn,5/19/2022,6/4/2022,6/11/2022,6/28/2022
1076,Bdjobs.com,5/27/2019,7/1/2019,7/10/2019,7/30/2019
1077,Bdjobs.com,3/16/2022,4/11/2022,4/22/2022,5/13/2022
1078,Company Website,12/24/2019,1/13/2020,1/26/2020,2/12/2020
1079,Company Website,8/20/2022,9/6/2022,9/15/2022,10/7/2022
1080,Employee Referral,12/29/2018,1/26/2019,2/14/2019,3/2/2019
1081,Company Website,8/8/2016,8/28/2016,9/7/2016,9/24/2016
1082,Bdjobs.com,5/16/2020,6/16/2020,6/24/2020,7/21/2020
1083,LinkedIn,1/19/2020,1/29/2020,2/8/2020,2/23/2020
1084,Bdjobs.com,2/3/2021,3/2/2021,3/15/2021,4/5/2021
1085,LinkedIn,4/5/2023,5/10/2023,5/25/2023,6/20/2023
1086,LinkedIn,9/24/2016,10/29/2016,11/8/2016,11/29/2016
1087,Company Website,8/5/2020,8/26/2020,9/7/2020,10/6/2020
1088,Agency,10/17/2017,11/3/2017,11/21/2017,12/13/2017
1089,LinkedIn,1/18/2017,2/22/2017,3/4/2017,3/20/2017
1090,Bdjobs.com,9/13/2021,10/6/2021,10/13/2021,11/9/2021
1091,Agency,3/18/2020,4/9/2020,4/24/2020,5/21/2020
1092,Company Website,1/13/2021,1/31/2021,2/8/2021,2/25/2021
1093,Employee Referral,11/5/2016,12/10/2016,12/27/2016,1/25/2017
1094,Bdjobs.com,9/10/2017,10/3/2017,10/19/2017,11/6/2017
1095,LinkedIn,6/18/2023,7/7/2023,7/23/2023,8/21/2023
1096,Employee Referral,6/12/2017,7/20/2017,7/28/2017,8/25/2017
1097,Agency,7/24/2023,8/14/2023,9/2/2023,9/29/2023
1098,Bdjobs.com,6/11/2022,7/11/2022,7/25/2022,8/22/2022
1099,Company Website,9/11/2020,10/20/2020,10/30/2020,11/18/2020
1100,Bdjobs.com,3/9/2022,4/8/2022,4/16/2022,5/7/2022
1101,Employee Referral,6/30/2015,8/8/2015,8/19/2015,9/8/2015
1102,LinkedIn,2/8/2018,2/19/2018,2/28/2018,3/27/2018
1103,LinkedIn,7/22/2016,8/11/2016,8/18/2016,9/14/2016
1104,LinkedIn,6/24/2016,8/2/2016,8/18/2016,9/7/2016
1105,Bdjobs.com,12/18/2016,12/28/2016,1/6/2017,2/2/2017
1106,Bdjobs.com,3/14/2023,4/9/2023,4/19/2023,5/14/2023
1107,LinkedIn,4/10/2022,4/20/2022,4/27/2022,5/14/2022
1108,Employee Referral,4/26/2022,6/3/2022,6/17/2022,7/16/2022
1109,LinkedIn,11/15/2021,12/19/2021,1/3/2022,1/20/2022
1110,Company Website,8/24/2023,9/8/2023,9/26/2023,10/24/2023
1111,Bdjobs.com,3/23/2023,4/29/2023,5/13/2023,6/3/2023
1112,Employee Referral,4/24/2020,5/13/2020,5/24/2020,6/12/2020
1113,Bdjobs.com,4/3/2021,4/19/2021,5/3/2021,5/29/2021
1114,Bdjobs.com,11/25/2022,12/14/2022,12/23/2022,1/17/2023
1115,Bdjobs.com,7/22/2021,8/23/2021,9/1/2021,9/16/2021
1116,Employee Referral,4/18/2021,5/1/2021,5/15/2021,6/10/2021
1117,Agency,11/15/2022,12/7/2022,12/17/2022,1/1/2023
1118,Bdjobs.com,9/21/2015,10/18/2015,11/2/2015,11/20/2015
1119,Company Website,9/28/2021,11/1/2021,11/11/2021,12/10/2021
1120,Bdjobs.com,10/9/2021,11/15/2021,11/23/2021,12/18/2021
1121,Bdjobs.com,8/14/2023,9/19/2023,9/30/2023,10/22/2023
1122,Agency,12/16/2018,1/16/2019,2/4/2019,3/2/2019
1123,Bdjobs.com,4/7/2021,5/7/2021,5/17/2021,6/3/2021
1124,LinkedIn,3/15/2017,4/12/2017,4/30/2017,5/29/2017
1125,Bdjobs.com,10/19/2015,11/1/2015,11/11/2015,11/30/2015
1126,LinkedIn,9/25/2021,10/8/2021,10/23/2021,11/12/2021
1127,Company Website,12/9/2020,12/26/2020,1/2/2021,1/17/2021
1128,Bdjobs.com,3/18/2017,4/25/2017,5/12/2017,6/7/2017
1129,Company Website,12/27/2017,1/29/2018,2/6/2018,3/3/2018
1130,Bdjobs.com,2/22/2020,3/23/2020,3/30/2020,4/17/2020
1131,LinkedIn,8/19/2023,9/24/2023,10/4/2023,11/2/2023
1132,Company Website,1/21/2023,2/25/2023,3/15/2023,4/10/2023
1133,Bdjobs.com,4/14/2022,5/18/2022,6/1/2022,6/16/2022
1134,Bdjobs.com,2/22/2016,3/26/2016,4/13/2016,5/6/2016
1135,Employee Referral,4/9/2022,4/19/2022,4/27/2022,5/13/2022
1136,Employee Referral,10/7/2023,10/27/2023,11/10/2023,12/1/2023
1137,Bdjobs.com,6/19/2015,7/5/2015,7/23/2015,8/8/2015
1138,Employee Referral,3/24/2023,4/12/2023,4/22/2023,5/21/2023
1139,Bdjobs.com,6/18/2021,7/15/2021,7/31/2021,8/18/2021
1140,LinkedIn,9/7/2016,9/27/2016,10/11/2016,11/5/2016
1141,Company Website,8/2/2020,9/2/2020,9/12/2020,10/11/2020
1142,Bdjobs.com,8/12/2020,8/26/2020,9/2/2020,9/29/2020
1143,Bdjobs.com,8/25/2016,9/27/2016,10/9/2016,11/4/2016
1144,LinkedIn,3/24/2020,4/15/2020,4/27/2020,5/24/2020
1145,LinkedIn,11/13/2019,12/12/2019,12/22/2019,1/13/2020
1146,LinkedIn,2/2/2021,3/13/2021,3/30/2021,4/14/2021
1147,Employee Referral,6/30/2021,7/23/2021,8/1/2021,8/19/2021
1148,Bdjobs.com,12/14/2020,1/14/2021,1/29/2021,2/14/2021
1149,Bdjobs.com,8/9/2021,8/19/2021,9/5/2021,9/25/2021
1150,Bdjobs.com,4/23/2017,5/7/2017,5/26/2017,6/12/2017
1151,LinkedIn,11/8/2019,12/13/2019,12/25/2019,1/9/2020
1152,LinkedIn,8/6/2023,9/9/2023,9/24/2023,10/19/2023
1153,LinkedIn,12/10/2019,12/26/2019,1/5/2020,1/22/2020
1154,LinkedIn,10/10/2020,11/13/2020,12/2/2020,12/25/2020
1155,Employee Referral,6/19/2020,7/5/2020,7/21/2020,8/7/2020
1156,Bdjobs.com,6/8/2020,6/22/2020,7/7/2020,7/31/2020
1157,LinkedIn,6/26/2021,7/27/2021,8/10/2021,9/5/2021
1158,Bdjobs.com,9/27/2022,10/16/2022,10/29/2022,11/22/2022
1159,Bdjobs.com,11/1/2015,11/28/2015,12/13/2015,1/9/2016
1160,Bdjobs.com,1/17/2023,2/12/2023,2/20/2023,3/13/2023
1161,Employee Referral,2/11/2021,2/23/2021,3/9/2021,4/1/2021
1162,Bdjobs.com,2/26/2021,3/11/2021,3/21/2021,4/18/2021
1163,LinkedIn,9/3/2021,9/16/2021,9/27/2021,10/21/2021
1164,Company Website,7/24/2021,8/11/2021,8/22/2021,9/11/2021
1165,LinkedIn,6/16/2022,7/3/2022,7/10/2022,8/1/2022
1166,Bdjobs.com,4/10/2022,5/15/2022,5/22/2022,6/16/2022
1167,LinkedIn,9/2/2017,10/8/2017,10/26/2017,11/24/2017
1168,Bdjobs.com,7/18/2022,8/24/2022,9/6/2022,10/4/2022
1169,Bdjobs.com,3/14/2020,4/3/2020,4/14/2020,5/10/2020
1170,LinkedIn,8/25/2018,9/23/2018,10/1/2018,10/18/2018
1171,Bdjobs.com,12/5/2016,12/24/2016,1/2/2017,1/26/2017
1172,Bdjobs.com,6/10/2021,7/8/2021,7/16/2021,8/1/2021
1173,Agency,12/27/2022,1/15/2023,1/29/2023,2/20/2023
1174,Employee Referral,8/12/2020,9/20/2020,10/6/2020,10/30/2020
1175,Employee Referral,11/30/2020,1/7/2021,1/21/2021,2/19/2021
1176,LinkedIn,12/8/2020,1/8/2021,1/25/2021,2/12/2021
1177,Employee Referral,5/3/2016,5/25/2016,6/13/2016,7/2/2016
1178,Bdjobs.com,4/21/2017,5/4/2017,5/18/2017,6/9/2017
1179,LinkedIn,4/15/2021,5/14/2021,5/22/2021,6/13/2021
1180,Agency,4/3/2020,4/28/2020,5/6/2020,5/26/2020
1181,Employee Referral,11/11/2019,12/2/2019,12/11/2019,1/9/2020
1182,Employee Referral,3/29/2020,4/29/2020,5/17/2020,6/8/2020
1183,Company Website,7/24/2015,8/4/2015,8/21/2015,9/18/2015
1184,Company Website,4/25/2021,5/9/2021,5/20/2021,6/18/2021
1185,Employee Referral,10/28/2021,11/16/2021,11/24/2021,12/16/2021
1186,LinkedIn,8/8/2021,9/5/2021,9/24/2021,10/15/2021
1187,Bdjobs.com,11/10/2016,12/12/2016,12/21/2016,1/17/2017
1188,LinkedIn,6/8/2020,7/14/2020,7/22/2020,8/16/2020
1189,LinkedIn,3/21/2021,4/4/2021,4/19/2021,5/12/2021
1190,LinkedIn,6/12/2017,7/21/2017,7/30/2017,8/25/2017
1191,Bdjobs.com,3/28/2020,4/18/2020,4/28/2020,5/19/2020
1192,LinkedIn,7/15/2022,8/18/2022,8/28/2022,9/24/2022
1193,Bdjobs.com,1/23/2022,2/9/2022,2/22/2022,3/23/2022
1194,Agency,7/21/2023,7/31/2023,8/11/2023,9/6/2023
1195,Employee Referral,11/25/2016,12/9/2016,12/25/2016,1/10/2017
1196,Bdjobs.com,5/26/2021,6/9/2021,6/16/2021,7/3/2021
1197,Bdjobs.com,12/15/2019,1/8/2020,1/17/2020,2/3/2020
1198,Employee Referral,4/22/2023,5/17/2023,6/4/2023,6/19/2023
1199,Bdjobs.com,5/2/2017,5/23/2017,6/9/2017,6/30/2017
1200,Employee Referral,9/21/2023,10/17/2023,11/5/2023,12/1/2023
1201,Company Website,5/7/2020,5/30/2020,6/6/2020,7/2/2020
1202,Agency,4/5/2021,4/23/2021,4/30/2021,5/26/2021
1203,LinkedIn,4/24/2015,5/22/2015,6/9/2015,6/27/2015
1204,LinkedIn,1/18/2020,2/16/2020,3/2/2020,3/26/2020
1205,Employee Referral,10/25/2020,11/27/2020,12/16/2020,1/14/2021
1206,Bdjobs.com,1/18/2020,2/15/2020,3/2/2020,3/23/2020
1207,LinkedIn,2/11/2020,2/28/2020,3/9/2020,3/24/2020
1208,LinkedIn,12/15/2020,12/26/2020,1/8/2021,2/5/2021
1209,Bdjobs.com,5/8/2020,6/5/2020,6/18/2020,7/10/2020
1210,Bdjobs.com,2/2/2018,2/26/2018,3/5/2018,4/1/2018
1211,Agency,1/2/2020,2/2/2020,2/10/2020,2/28/2020
1212,Bdjobs.com,11/22/2020,12/31/2020,1/18/2021,2/13/2021
1213,Employee Referral,1/4/2015,1/27/2015,2/4/2015,2/27/2015
1214,Employee Referral,6/21/2019,7/22/2019,8/2/2019,8/19/2019
1215,Bdjobs.com,5/6/2022,5/28/2022,6/12/2022,7/4/2022
1216,Bdjobs.com,9/21/2021,10/18/2021,11/6/2021,12/4/2021
1217,Bdjobs.com,10/18/2022,11/1/2022,11/9/2022,11/26/2022
1218,Employee Referral,3/15/2023,4/20/2023,5/3/2023,5/25/2023
1219,Bdjobs.com,8/14/2017,9/7/2017,9/21/2017,10/9/2017
1220,LinkedIn,5/17/2022,6/13/2022,6/29/2022,7/17/2022
1221,Agency,5/6/2023,5/21/2023,5/31/2023,6/25/2023
1222,Employee Referral,5/20/2020,5/31/2020,6/16/2020,7/15/2020
1223,Bdjobs.com,8/7/2017,8/19/2017,9/4/2017,9/27/2017
1224,Bdjobs.com,2/20/2021,3/7/2021,3/26/2021,4/11/2021
1225,Bdjobs.com,11/7/2021,11/24/2021,12/12/2021,1/2/2022
1226,Employee Referral,10/4/2022,10/19/2022,11/6/2022,11/30/2022
1227,Employee Referral,11/9/2019,11/21/2019,11/28/2019,12/25/2019
1228,Bdjobs.com,5/9/2017,6/14/2017,7/3/2017,7/31/2017
1229,Employee Referral,6/16/2021,7/14/2021,7/24/2021,8/9/2021
1230,Employee Referral,8/26/2023,9/13/2023,9/30/2023,10/27/2023
1231,Agency,9/8/2022,10/13/2022,10/27/2022,11/21/2022
1232,LinkedIn,4/10/2020,4/30/2020,5/7/2020,6/5/2020
1233,Employee Referral,3/8/2020,4/16/2020,5/5/2020,5/21/2020
1234,Bdjobs.com,12/16/2021,1/12/2022,1/22/2022,2/14/2022
1235,Bdjobs.com,4/27/2021,5/31/2021,6/18/2021,7/17/2021
1236,Bdjobs.com,7/23/2021,8/16/2021,8/26/2021,9/14/2021
1237,LinkedIn,4/1/2016,5/7/2016,5/16/2016,6/12/2016
1238,LinkedIn,9/5/2021,10/5/2021,10/20/2021,11/5/2021
1239,LinkedIn,7/4/2015,7/26/2015,8/11/2015,9/6/2015
1240,LinkedIn,1/22/2023,2/14/2023,2/28/2023,3/24/2023
1241,Company Website,5/2/2022,5/31/2022,6/17/2022,7/2/2022
1242,LinkedIn,5/7/2020,6/11/2020,6/30/2020,7/16/2020
1243,Bdjobs.com,2/14/2020,3/23/2020,4/9/2020,5/3/2020
1244,Bdjobs.com,5/31/2019,7/2/2019,7/18/2019,8/3/2019
1245,Employee Referral,2/24/2018,4/1/2018,4/18/2018,5/16/2018
1246,Employee Referral,7/30/2023,8/27/2023,9/9/2023,9/29/2023
1247,Bdjobs.com,12/3/2020,12/14/2020,12/28/2020,1/13/2021
1248,LinkedIn,7/24/2016,8/20/2016,9/8/2016,10/2/2016
1249,Employee Referral,1/12/2017,2/17/2017,3/7/2017,4/3/2017
1250,Bdjobs.com,12/6/2015,12/17/2015,12/29/2015,1/24/2016
1251,LinkedIn,3/29/2019,4/28/2019,5/15/2019,6/12/2019
1252,LinkedIn,6/8/2019,6/21/2019,7/5/2019,7/21/2019
1253,LinkedIn,5/17/2021,6/14/2021,6/27/2021,7/19/2021
1254,LinkedIn,12/20/2018,1/27/2019,2/4/2019,2/23/2019
1255,Bdjobs.com,5/3/2021,5/15/2021,5/26/2021,6/12/2021
1256,LinkedIn,2/20/2021,3/31/2021,4/8/2021,4/25/2021
1257,Bdjobs.com,10/22/2016,11/20/2016,11/30/2016,12/20/2016
1258,LinkedIn,6/9/2021,7/8/2021,7/24/2021,8/21/2021
1259,LinkedIn,12/8/2019,1/13/2020,1/29/2020,2/14/2020
1260,Bdjobs.com,2/21/2021,3/18/2021,4/6/2021,4/30/2021
1261,LinkedIn,11/30/2020,12/12/2020,12/29/2020,1/27/2021
1262,Bdjobs.com,8/10/2023,8/29/2023,9/11/2023,9/28/2023
1263,Bdjobs.com,6/9/2023,6/29/2023,7/17/2023,8/13/2023
1264,Employee Referral,12/12/2019,12/29/2019,1/16/2020,2/10/2020
1265,LinkedIn,3/31/2021,5/7/2021,5/18/2021,6/10/2021
1266,LinkedIn,5/13/2021,5/30/2021,6/10/2021,7/9/2021
1267,Agency,2/7/2016,2/26/2016,3/15/2016,4/3/2016
1268,Bdjobs.com,11/8/2022,11/29/2022,12/6/2022,1/3/2023
1269,Bdjobs.com,9/2/2015,10/4/2015,10/19/2015,11/17/2015
1270,Bdjobs.com,1/26/2021,3/6/2021,3/16/2021,4/8/2021
1271,Employee Referral,2/25/2017,3/7/2017,3/23/2017,4/18/2017
1272,Bdjobs.com,2/2/2019,2/23/2019,3/5/2019,3/22/2019
1273,Bdjobs.com,5/10/2018,6/11/2018,6/24/2018,7/9/2018
1274,Agency,6/18/2022,7/8/2022,7/24/2022,8/10/2022
1275,Bdjobs.com,6/13/2019,7/15/2019,7/29/2019,8/18/2019
1276,LinkedIn,7/24/2020,8/29/2020,9/5/2020,9/29/2020
1277,Company Website,11/26/2016,12/6/2016,12/24/2016,1/14/2017
1278,LinkedIn,2/4/2018,2/16/2018,3/4/2018,3/26/2018
1279,LinkedIn,4/19/2017,5/21/2017,5/28/2017,6/12/2017
1280,LinkedIn,10/20/2022,11/15/2022,11/29/2022,12/16/2022
1281,Bdjobs.com,8/9/2018,9/1/2018,9/20/2018,10/12/2018
1282,Bdjobs.com,12/1/2019,12/25/2019,1/12/2020,2/8/2020
1283,Bdjobs.com,3/24/2018,5/2/2018,5/14/2018,6/9/2018
1284,LinkedIn,7/5/2016,7/23/2016,8/3/2016,8/29/2016
1285,LinkedIn,6/14/2020,7/12/2020,7/25/2020,8/14/2020
1286,Bdjobs.com,6/2/2021,6/28/2021,7/8/2021,7/28/2021
1287,Employee Referral,2/5/2016,2/24/2016,3/7/2016,3/26/2016
1288,LinkedIn,2/14/2021,3/24/2021,4/8/2021,5/4/2021
1289,Employee Referral,6/6/2023,6/20/2023,7/6/2023,7/23/2023
1290,LinkedIn,7/25/2021,9/1/2021,9/15/2021,10/14/2021
1291,Bdjobs.com,9/25/2023,10/23/2023,10/30/2023,11/16/2023
1292,Bdjobs.com,4/8/2015,5/8/2015,5/19/2015,6/3/2015
1293,Bdjobs.com,4/12/2020,4/27/2020,5/10/2020,6/1/2020
1294,Bdjobs.com,2/20/2021,3/10/2021,3/22/2021,4/12/2021
1295,LinkedIn,4/8/2021,5/9/2021,5/20/2021,6/17/2021
1296,Employee Referral,4/11/2022,4/21/2022,5/2/2022,5/29/2022
1297,Agency,5/31/2023,6/27/2023,7/8/2023,7/26/2023
1298,LinkedIn,2/27/2021,4/7/2021,4/21/2021,5/8/2021
1299,Bdjobs.com,6/8/2023,6/19/2023,6/26/2023,7/23/2023
1300,Company Website,1/9/2021,2/12/2021,2/27/2021,3/21/2021
