employee_id,date,score
1,2018-11-01,7
1,2019-11-01,7
1,2020-11-01,9
1,2021-11-01,7
1,2022-11-01,7
1,2023-11-01,8
2,2023-11-01,8
3,2015-11-01,7
3,2016-11-01,10
3,2017-11-01,7
3,2018-11-01,7
3,2019-11-01,7
3,2020-11-01,7
3,2021-11-01,8
3,2022-11-01,9
3,2023-11-01,10
4,2020-11-01,7
4,2021-11-01,10
4,2022-11-01,9
4,2023-11-01,7
5,2018-11-01,10
5,2019-11-01,10
5,2020-11-01,10
5,2021-11-01,7
5,2022-11-01,7
5,2023-11-01,7
6,2021-11-01,7
6,2022-11-01,7
6,2023-11-01,8
7,2021-11-01,7
7,2022-11-01,8
7,2023-11-01,10
8,2017-11-01,8
8,2018-11-01,8
8,2019-11-01,10
8,2020-11-01,10
8,2021-11-01,10
8,2022-11-01,7
8,2023-11-01,7
9,2020-11-01,7
9,2021-11-01,9
9,2022-11-01,3
9,2023-11-01,4
10,2020-11-01,9
10,2021-11-01,8
10,2022-11-01,8
10,2023-11-01,7
11,2023-11-01,7
12,2019-11-01,8
12,2020-11-01,3
12,2021-11-01,5
12,2022-11-01,4
12,2023-11-01,3
13,2017-11-01,7
13,2018-11-01,9
13,2019-11-01,7
13,2020-11-01,7
13,2021-11-01,7
13,2022-11-01,9
13,2023-11-01,8
14,2020-11-01,9
14,2021-11-01,7
14,2022-11-01,3
14,2023-11-01,5
15,2021-11-01,7
15,2022-11-01,8
15,2023-11-01,7
16,2020-11-01,7
16,2021-11-01,7
16,2022-11-01,9
16,2023-11-01,9
17,2016-11-01,7
17,2017-11-01,10
17,2018-11-01,10
17,2019-11-01,8
17,2020-11-01,8
17,2021-11-01,10
17,2022-11-01,8
17,2023-11-01,8
18,2021-11-01,9
18,2022-11-01,9
18,2023-11-01,10
19,2020-11-01,7
19,2021-11-01,8
19,2022-11-01,9
19,2023-11-01,8
20,2021-11-01,7
20,2022-11-01,7
20,2023-11-01,9
21,2023-11-01,8
22,2020-11-01,10
22,2021-11-01,10
22,2022-11-01,7
22,2023-11-01,8
23,2021-11-01,8
23,2022-11-01,10
23,2023-11-01,9
24,2021-11-01,9
24,2022-11-01,10
24,2023-11-01,7
25,2019-11-01,9
25,2020-11-01,10
25,2021-11-01,7
25,2022-11-01,7
25,2023-11-01,8
26,2022-11-01,7
26,2023-11-01,7
27,2021-11-01,7
27,2022-11-01,7
27,2023-11-01,9
28,2017-11-01,7
28,2018-11-01,9
28,2019-11-01,10
28,2020-11-01,10
28,2021-11-01,7
28,2022-11-01,10
28,2023-11-01,9
29,2021-11-01,9
29,2022-11-01,8
29,2023-11-01,7
30,2022-11-01,7
30,2023-11-01,3
31,2022-11-01,9
31,2023-11-01,10
32,2020-11-01,8
32,2021-11-01,10
32,2022-11-01,10
32,2023-11-01,9
33,2015-11-01,10
33,2016-11-01,9
33,2017-11-01,9
33,2018-11-01,8
33,2019-11-01,8
33,2020-11-01,8
33,2021-11-01,10
33,2022-11-01,7
33,2023-11-01,10
34,2016-11-01,7
34,2017-11-01,9
34,2018-11-01,8
34,2019-11-01,3
34,2020-11-01,4
34,2021-11-01,5
34,2022-11-01,3
34,2023-11-01,5
35,2020-11-01,8
35,2021-11-01,7
35,2022-11-01,10
35,2023-11-01,8
36,2020-11-01,3
36,2021-11-01,3
36,2022-11-01,5
36,2023-11-01,5
37,2017-11-01,7
37,2018-11-01,8
37,2019-11-01,7
37,2020-11-01,8
37,2021-11-01,7
37,2022-11-01,7
37,2023-11-01,9
38,2020-11-01,7
38,2021-11-01,9
38,2022-11-01,7
38,2023-11-01,7
39,2021-11-01,9
39,2022-11-01,4
39,2023-11-01,5
40,2020-11-01,7
40,2021-11-01,10
40,2022-11-01,10
40,2023-11-01,7
41,2020-11-01,8
41,2021-11-01,8
41,2022-11-01,7
41,2023-11-01,8
42,2018-11-01,10
42,2019-11-01,3
42,2020-11-01,3
42,2021-11-01,3
42,2022-11-01,3
42,2023-11-01,3
43,2021-11-01,10
43,2022-11-01,9
43,2023-11-01,7
44,2021-11-01,9
44,2022-11-01,7
44,2023-11-01,8
45,2021-11-01,8
45,2022-11-01,10
45,2023-11-01,9
46,2018-11-01,7
46,2019-11-01,9
46,2020-11-01,8
46,2021-11-01,10
46,2022-11-01,9
46,2023-11-01,8
47,2019-11-01,9
47,2020-11-01,7
47,2021-11-01,10
47,2022-11-01,8
47,2023-11-01,10
48,2017-11-01,9
48,2018-11-01,7
48,2019-11-01,8
48,2020-11-01,7
48,2021-11-01,7
48,2022-11-01,7
48,2023-11-01,8
49,2021-11-01,10
49,2022-11-01,10
49,2023-11-01,8
50,2019-11-01,8
50,2020-11-01,10
50,2021-11-01,9
50,2022-11-01,7
50,2023-11-01,9
51,2021-11-01,7
51,2022-11-01,10
51,2023-11-01,9
52,2018-11-01,8
52,2019-11-01,9
52,2020-11-01,10
52,2021-11-01,10
52,2022-11-01,8
52,2023-11-01,8
53,2020-11-01,10
53,2021-11-01,7
53,2022-11-01,7
53,2023-11-01,10
54,2020-11-01,7
54,2021-11-01,9
54,2022-11-01,8
54,2023-11-01,7
55,2021-11-01,8
55,2022-11-01,9
55,2023-11-01,8
56,2021-11-01,10
56,2022-11-01,10
56,2023-11-01,9
57,2023-11-01,8
58,2018-11-01,9
58,2019-11-01,9
58,2020-11-01,10
58,2021-11-01,10
58,2022-11-01,7
58,2023-11-01,7
59,2023-11-01,7
60,2023-11-01,7
61,2017-11-01,9
61,2018-11-01,7
61,2019-11-01,5
61,2020-11-01,4
61,2021-11-01,3
61,2022-11-01,3
61,2023-11-01,4
62,2015-11-01,9
62,2016-11-01,9
62,2017-11-01,10
62,2018-11-01,10
62,2019-11-01,10
62,2020-11-01,10
62,2021-11-01,9
62,2022-11-01,9
62,2023-11-01,10
63,2019-11-01,10
63,2020-11-01,9
63,2021-11-01,4
63,2022-11-01,4
63,2023-11-01,3
64,2017-11-01,7
64,2018-11-01,8
64,2019-11-01,8
64,2020-11-01,10
64,2021-11-01,7
64,2022-11-01,7
64,2023-11-01,7
65,2022-11-01,9
65,2023-11-01,7
66,2021-11-01,8
66,2022-11-01,9
66,2023-11-01,7
67,2021-11-01,7
67,2022-11-01,10
67,2023-11-01,8
68,2018-11-01,7
68,2019-11-01,8
68,2020-11-01,7
68,2021-11-01,8
68,2022-11-01,10
68,2023-11-01,7
69,2020-11-01,10
69,2021-11-01,7
69,2022-11-01,8
69,2023-11-01,7
70,2021-11-01,7
70,2022-11-01,7
70,2023-11-01,9
71,2023-11-01,9
72,2023-11-01,8
73,2023-11-01,7
74,2021-11-01,10
74,2022-11-01,5
74,2023-11-01,5
75,2022-11-01,8
75,2023-11-01,9
76,2021-11-01,7
76,2022-11-01,7
76,2023-11-01,8
77,2020-11-01,9
77,2021-11-01,7
77,2022-11-01,9
77,2023-11-01,8
78,2021-11-01,8
78,2022-11-01,9
78,2023-11-01,9
79,2020-11-01,9
79,2021-11-01,9
79,2022-11-01,8
79,2023-11-01,10
80,2021-11-01,10
80,2022-11-01,8
80,2023-11-01,7
81,2021-11-01,10
81,2022-11-01,8
81,2023-11-01,7
82,2021-11-01,7
82,2022-11-01,9
82,2023-11-01,8
83,2020-11-01,10
83,2021-11-01,8
83,2022-11-01,3
83,2023-11-01,4
84,2021-11-01,8
84,2022-11-01,8
84,2023-11-01,9
85,2021-11-01,8
85,2022-11-01,10
85,2023-11-01,8
86,2022-11-01,9
86,2023-11-01,9
87,2021-11-01,10
87,2022-11-01,9
87,2023-11-01,9
88,2017-11-01,10
88,2018-11-01,8
88,2019-11-01,8
88,2020-11-01,8
88,2021-11-01,8
88,2022-11-01,8
88,2023-11-01,10
89,2016-11-01,7
89,2017-11-01,8
89,2018-11-01,7
89,2019-11-01,9
89,2020-11-01,9
89,2021-11-01,10
89,2022-11-01,8
89,2023-11-01,7
90,2023-11-01,7
91,2021-11-01,10
91,2022-11-01,10
91,2023-11-01,10
92,2017-11-01,8
92,2018-11-01,10
92,2019-11-01,9
92,2020-11-01,8
92,2021-11-01,8
92,2022-11-01,9
92,2023-11-01,7
93,2021-11-01,8
93,2022-11-01,10
93,2023-11-01,10
94,2015-11-01,8
94,2016-11-01,3
94,2017-11-01,5
94,2018-11-01,4
94,2019-11-01,4
94,2020-11-01,5
94,2021-11-01,4
94,2022-11-01,5
94,2023-11-01,5
95,2021-11-01,7
95,2022-11-01,8
95,2023-11-01,8
96,2021-11-01,10
96,2022-11-01,10
96,2023-11-01,10
97,2021-11-01,7
97,2022-11-01,7
97,2023-11-01,4
98,2019-11-01,10
98,2020-11-01,10
98,2021-11-01,10
98,2022-11-01,7
98,2023-11-01,9
99,2015-11-01,10
99,2016-11-01,7
99,2017-11-01,9
99,2018-11-01,9
99,2019-11-01,7
99,2020-11-01,9
99,2021-11-01,9
99,2022-11-01,10
99,2023-11-01,10
100,2018-11-01,7
100,2019-11-01,8
100,2020-11-01,7
100,2021-11-01,10
100,2022-11-01,7
100,2023-11-01,10
101,2021-11-01,9
101,2022-11-01,8
101,2023-11-01,10
102,2020-11-01,10
102,2021-11-01,7
102,2022-11-01,10
102,2023-11-01,9
103,2020-11-01,10
103,2021-11-01,8
103,2022-11-01,9
103,2023-11-01,7
104,2015-11-01,7
104,2016-11-01,8
104,2017-11-01,8
104,2018-11-01,10
104,2019-11-01,8
104,2020-11-01,8
104,2021-11-01,8
104,2022-11-01,8
104,2023-11-01,8
105,2018-11-01,9
105,2019-11-01,10
105,2020-11-01,3
105,2021-11-01,3
105,2022-11-01,5
105,2023-11-01,5
106,2017-11-01,7
106,2018-11-01,8
106,2019-11-01,10
106,2020-11-01,10
106,2021-11-01,8
106,2022-11-01,10
106,2023-11-01,9
107,2020-11-01,10
107,2021-11-01,10
107,2022-11-01,8
107,2023-11-01,8
108,2023-11-01,10
109,2022-11-01,8
109,2023-11-01,9
110,2019-11-01,9
110,2020-11-01,8
110,2021-11-01,3
110,2022-11-01,5
110,2023-11-01,4
111,2021-11-01,8
111,2022-11-01,9
111,2023-11-01,9
112,2018-11-01,8
112,2019-11-01,3
112,2020-11-01,4
112,2021-11-01,5
112,2022-11-01,4
112,2023-11-01,5
113,2017-11-01,9
113,2018-11-01,9
113,2019-11-01,7
113,2020-11-01,3
113,2021-11-01,5
113,2022-11-01,3
113,2023-11-01,3
114,2021-11-01,8
114,2022-11-01,7
114,2023-11-01,10
115,2019-11-01,7
115,2020-11-01,10
115,2021-11-01,10
115,2022-11-01,7
115,2023-11-01,10
116,2020-11-01,8
116,2021-11-01,8
116,2022-11-01,8
116,2023-11-01,8
117,2023-11-01,8
118,2017-11-01,9
118,2018-11-01,8
118,2019-11-01,9
118,2020-11-01,9
118,2021-11-01,9
118,2022-11-01,8
118,2023-11-01,9
119,2016-11-01,7
119,2017-11-01,7
119,2018-11-01,8
119,2019-11-01,7
119,2020-11-01,8
119,2021-11-01,9
119,2022-11-01,7
119,2023-11-01,9
120,2021-11-01,8
120,2022-11-01,7
120,2023-11-01,8
121,2020-11-01,9
121,2021-11-01,8
121,2022-11-01,9
121,2023-11-01,10
122,2020-11-01,9
122,2021-11-01,10
122,2022-11-01,10
122,2023-11-01,5
123,2021-11-01,9
123,2022-11-01,7
123,2023-11-01,10
124,2021-11-01,8
124,2022-11-01,9
124,2023-11-01,10
125,2020-11-01,7
125,2021-11-01,9
125,2022-11-01,7
125,2023-11-01,8
126,2022-11-01,10
126,2023-11-01,7
127,2019-11-01,7
127,2020-11-01,8
127,2021-11-01,7
127,2022-11-01,10
127,2023-11-01,9
128,2021-11-01,8
128,2022-11-01,10
128,2023-11-01,10
129,2018-11-01,10
129,2019-11-01,9
129,2020-11-01,10
129,2021-11-01,8
129,2022-11-01,10
129,2023-11-01,7
130,2022-11-01,7
130,2023-11-01,8
131,2022-11-01,10
131,2023-11-01,7
132,2023-11-01,10
133,2020-11-01,10
133,2021-11-01,7
133,2022-11-01,9
133,2023-11-01,9
134,2016-11-01,7
134,2017-11-01,10
134,2018-11-01,7
134,2019-11-01,7
134,2020-11-01,8
134,2021-11-01,8
134,2022-11-01,8
134,2023-11-01,10
135,2020-11-01,9
135,2021-11-01,3
135,2022-11-01,5
135,2023-11-01,5
136,2021-11-01,8
136,2022-11-01,9
136,2023-11-01,8
137,2017-11-01,10
137,2018-11-01,8
137,2019-11-01,7
137,2020-11-01,10
137,2021-11-01,10
137,2022-11-01,10
137,2023-11-01,10
138,2021-11-01,8
138,2022-11-01,10
138,2023-11-01,7
139,2015-11-01,7
139,2016-11-01,7
139,2017-11-01,5
139,2018-11-01,3
139,2019-11-01,5
139,2020-11-01,4
139,2021-11-01,3
139,2022-11-01,5
139,2023-11-01,3
140,2021-11-01,10
140,2022-11-01,9
140,2023-11-01,9
141,2021-11-01,10
141,2022-11-01,8
141,2023-11-01,10
142,2020-11-01,8
142,2021-11-01,9
142,2022-11-01,7
142,2023-11-01,7
143,2022-11-01,8
143,2023-11-01,9
144,2022-11-01,8
144,2023-11-01,10
145,2019-11-01,9
145,2020-11-01,7
145,2021-11-01,7
145,2022-11-01,7
145,2023-11-01,7
146,2022-11-01,9
146,2023-11-01,8
147,2020-11-01,4
147,2021-11-01,4
147,2022-11-01,4
147,2023-11-01,5
148,2018-11-01,7
148,2019-11-01,8
148,2020-11-01,8
148,2021-11-01,9
148,2022-11-01,7
148,2023-11-01,7
149,2022-11-01,9
149,2023-11-01,7
150,2017-11-01,9
150,2018-11-01,7
150,2019-11-01,10
150,2020-11-01,9
150,2021-11-01,7
150,2022-11-01,8
150,2023-11-01,9
151,2019-11-01,8
151,2020-11-01,7
151,2021-11-01,8
151,2022-11-01,10
151,2023-11-01,7
152,2021-11-01,9
152,2022-11-01,9
152,2023-11-01,9
153,2023-11-01,7
154,2021-11-01,9
154,2022-11-01,9
154,2023-11-01,10
155,2016-11-01,9
155,2017-11-01,7
155,2018-11-01,7
155,2019-11-01,9
155,2020-11-01,10
155,2021-11-01,10
155,2022-11-01,8
155,2023-11-01,9
156,2020-11-01,9
156,2021-11-01,8
156,2022-11-01,10
156,2023-11-01,7
157,2018-11-01,7
157,2019-11-01,9
157,2020-11-01,10
157,2021-11-01,8
157,2022-11-01,8
157,2023-11-01,8
158,2023-11-01,9
159,2020-11-01,5
159,2021-11-01,5
159,2022-11-01,4
159,2023-11-01,3
160,2023-11-01,8
161,2016-11-01,8
161,2017-11-01,9
161,2018-11-01,9
161,2019-11-01,10
161,2020-11-01,9
161,2021-11-01,8
161,2022-11-01,10
161,2023-11-01,10
162,2020-11-01,10
162,2021-11-01,8
162,2022-11-01,7
162,2023-11-01,9
163,2015-11-01,8
163,2016-11-01,7
163,2017-11-01,9
163,2018-11-01,10
163,2019-11-01,9
163,2020-11-01,10
163,2021-11-01,7
163,2022-11-01,7
163,2023-11-01,7
164,2021-11-01,8
164,2022-11-01,9
164,2023-11-01,9
165,2020-11-01,8
165,2021-11-01,7
165,2022-11-01,9
165,2023-11-01,10
166,2022-11-01,7
166,2023-11-01,7
167,2020-11-01,8
167,2021-11-01,8
167,2022-11-01,8
167,2023-11-01,9
168,2020-11-01,10
168,2021-11-01,7
168,2022-11-01,9
168,2023-11-01,7
169,2022-11-01,10
169,2023-11-01,10
170,2020-11-01,8
170,2021-11-01,7
170,2022-11-01,10
170,2023-11-01,8
171,2020-11-01,10
171,2021-11-01,7
171,2022-11-01,9
171,2023-11-01,7
172,2015-11-01,7
172,2016-11-01,7
172,2017-11-01,9
172,2018-11-01,10
172,2019-11-01,10
172,2020-11-01,10
172,2021-11-01,9
172,2022-11-01,10
172,2023-11-01,10
173,2020-11-01,7
173,2021-11-01,4
173,2022-11-01,4
173,2023-11-01,4
174,2017-11-01,10
174,2018-11-01,10
174,2019-11-01,10
174,2020-11-01,4
174,2021-11-01,4
174,2022-11-01,3
174,2023-11-01,5
175,2022-11-01,10
175,2023-11-01,8
176,2021-11-01,10
176,2022-11-01,10
176,2023-11-01,10
177,2021-11-01,10
177,2022-11-01,8
177,2023-11-01,10
178,2016-11-01,8
178,2017-11-01,7
178,2018-11-01,7
178,2019-11-01,9
178,2020-11-01,9
178,2021-11-01,10
178,2022-11-01,9
178,2023-11-01,9
179,2021-11-01,9
179,2022-11-01,10
179,2023-11-01,9
180,2020-11-01,10
180,2021-11-01,9
180,2022-11-01,10
180,2023-11-01,8
181,2022-11-01,10
181,2023-11-01,10
182,2020-11-01,7
182,2021-11-01,3
182,2022-11-01,5
182,2023-11-01,5
183,2023-11-01,8
184,2016-11-01,7
184,2017-11-01,9
184,2018-11-01,7
184,2019-11-01,9
184,2020-11-01,7
184,2021-11-01,7
184,2022-11-01,10
184,2023-11-01,7
185,2020-11-01,7
185,2021-11-01,9
185,2022-11-01,8
185,2023-11-01,7
186,2020-11-01,9
186,2021-11-01,10
186,2022-11-01,9
186,2023-11-01,10
187,2021-11-01,10
187,2022-11-01,7
187,2023-11-01,8
188,2019-11-01,9
188,2020-11-01,9
188,2021-11-01,9
188,2022-11-01,10
188,2023-11-01,9
189,2022-11-01,10
189,2023-11-01,9
190,2023-11-01,8
191,2016-11-01,8
191,2017-11-01,7
191,2018-11-01,3
191,2019-11-01,3
191,2020-11-01,3
191,2021-11-01,4
191,2022-11-01,5
191,2023-11-01,3
192,2016-11-01,7
192,2017-11-01,7
192,2018-11-01,10
192,2019-11-01,7
192,2020-11-01,8
192,2021-11-01,10
192,2022-11-01,10
192,2023-11-01,8
193,2020-11-01,7
193,2021-11-01,8
193,2022-11-01,10
193,2023-11-01,10
194,2021-11-01,10
194,2022-11-01,10
194,2023-11-01,8
195,2022-11-01,7
195,2023-11-01,10
196,2016-11-01,7
196,2017-11-01,7
196,2018-11-01,9
196,2019-11-01,7
196,2020-11-01,8
196,2021-11-01,10
196,2022-11-01,7
196,2023-11-01,9
197,2021-11-01,9
197,2022-11-01,8
197,2023-11-01,9
198,2020-11-01,8
198,2021-11-01,8
198,2022-11-01,10
198,2023-11-01,7
199,2020-11-01,8
199,2021-11-01,10
199,2022-11-01,9
199,2023-11-01,9
200,2018-11-01,9
200,2019-11-01,7
200,2020-11-01,9
200,2021-11-01,9
200,2022-11-01,9
200,2023-11-01,9
201,2021-11-01,7
201,2022-11-01,8
201,2023-11-01,8
202,2021-11-01,9
202,2022-11-01,7
202,2023-11-01,9
203,2015-11-01,7
203,2016-11-01,8
203,2017-11-01,8
203,2018-11-01,7
203,2019-11-01,10
203,2020-11-01,8
203,2021-11-01,7
203,2022-11-01,7
203,2023-11-01,10
204,2015-11-01,7
204,2016-11-01,7
204,2017-11-01,10
204,2018-11-01,10
204,2019-11-01,9
204,2020-11-01,8
204,2021-11-01,7
204,2022-11-01,10
204,2023-11-01,7
205,2015-11-01,9
205,2016-11-01,9
205,2017-11-01,7
205,2018-11-01,10
205,2019-11-01,10
205,2020-11-01,7
205,2021-11-01,9
205,2022-11-01,9
205,2023-11-01,8
206,2018-11-01,7
206,2019-11-01,8
206,2020-11-01,9
206,2021-11-01,10
206,2022-11-01,10
206,2023-11-01,7
207,2020-11-01,10
207,2021-11-01,9
207,2022-11-01,7
207,2023-11-01,3
208,2021-11-01,9
208,2022-11-01,8
208,2023-11-01,8
209,2022-11-01,8
209,2023-11-01,10
210,2022-11-01,10
210,2023-11-01,9
211,2020-11-01,7
211,2021-11-01,4
211,2022-11-01,5
211,2023-11-01,5
212,2017-11-01,8
212,2018-11-01,8
212,2019-11-01,8
212,2020-11-01,9
212,2021-11-01,9
212,2022-11-01,9
212,2023-11-01,8
213,2020-11-01,4
213,2021-11-01,5
213,2022-11-01,5
213,2023-11-01,3
214,2023-11-01,8
215,2021-11-01,9
215,2022-11-01,8
215,2023-11-01,8
216,2015-11-01,7
216,2016-11-01,10
216,2017-11-01,8
216,2018-11-01,9
216,2019-11-01,10
216,2020-11-01,10
216,2021-11-01,7
216,2022-11-01,10
216,2023-11-01,7
217,2020-11-01,9
217,2021-11-01,5
217,2022-11-01,4
217,2023-11-01,4
218,2016-11-01,7
218,2017-11-01,4
218,2018-11-01,3
218,2019-11-01,4
218,2020-11-01,4
218,2021-11-01,4
218,2022-11-01,5
218,2023-11-01,5
219,2020-11-01,5
219,2021-11-01,3
219,2022-11-01,3
219,2023-11-01,5
220,2020-11-01,10
220,2021-11-01,10
220,2022-11-01,9
220,2023-11-01,7
221,2022-11-01,7
221,2023-11-01,7
222,2021-11-01,10
222,2022-11-01,8
222,2023-11-01,9
223,2021-11-01,8
223,2022-11-01,10
223,2023-11-01,4
224,2022-11-01,10
224,2023-11-01,10
225,2020-11-01,10
225,2021-11-01,8
225,2022-11-01,9
225,2023-11-01,9
226,2019-11-01,8
226,2020-11-01,7
226,2021-11-01,9
226,2022-11-01,10
226,2023-11-01,9
227,2021-11-01,10
227,2022-11-01,7
227,2023-11-01,7
228,2020-11-01,8
228,2021-11-01,9
228,2022-11-01,9
228,2023-11-01,9
229,2022-11-01,10
229,2023-11-01,10
230,2022-11-01,10
230,2023-11-01,7
231,2022-11-01,8
231,2023-11-01,9
232,2021-11-01,7
232,2022-11-01,10
232,2023-11-01,10
233,2020-11-01,10
233,2021-11-01,7
233,2022-11-01,7
233,2023-11-01,10
234,2022-11-01,9
234,2023-11-01,10
235,2016-11-01,8
235,2017-11-01,8
235,2018-11-01,5
235,2019-11-01,5
235,2020-11-01,4
235,2021-11-01,5
235,2022-11-01,5
235,2023-11-01,4
236,2018-11-01,7
236,2019-11-01,9
236,2020-11-01,9
236,2021-11-01,8
236,2022-11-01,10
236,2023-11-01,7
237,2021-11-01,9
237,2022-11-01,8
237,2023-11-01,9
238,2021-11-01,8
238,2022-11-01,8
238,2023-11-01,7
239,2020-11-01,8
239,2021-11-01,10
239,2022-11-01,8
239,2023-11-01,9
240,2015-11-01,8
240,2016-11-01,10
240,2017-11-01,9
240,2018-11-01,7
240,2019-11-01,7
240,2020-11-01,10
240,2021-11-01,10
240,2022-11-01,10
240,2023-11-01,8
241,2019-11-01,9
241,2020-11-01,9
241,2021-11-01,10
241,2022-11-01,9
241,2023-11-01,9
242,2022-11-01,9
242,2023-11-01,3
243,2022-11-01,10
243,2023-11-01,7
244,2020-11-01,9
244,2021-11-01,8
244,2022-11-01,5
244,2023-11-01,5
245,2022-11-01,7
245,2023-11-01,7
246,2022-11-01,8
246,2023-11-01,9
247,2022-11-01,7
247,2023-11-01,10
248,2021-11-01,8
248,2022-11-01,8
248,2023-11-01,8
249,2020-11-01,8
249,2021-11-01,10
249,2022-11-01,7
249,2023-11-01,10
250,2021-11-01,10
250,2022-11-01,9
250,2023-11-01,7
251,2020-11-01,10
251,2021-11-01,9
251,2022-11-01,8
251,2023-11-01,10
252,2015-11-01,10
252,2016-11-01,7
252,2017-11-01,9
252,2018-11-01,7
252,2019-11-01,8
252,2020-11-01,9
252,2021-11-01,10
252,2022-11-01,10
252,2023-11-01,7
253,2023-11-01,8
254,2022-11-01,7
254,2023-11-01,9
255,2018-11-01,9
255,2019-11-01,8
255,2020-11-01,7
255,2021-11-01,9
255,2022-11-01,8
255,2023-11-01,10
256,2022-11-01,7
256,2023-11-01,9
257,2019-11-01,9
257,2020-11-01,10
257,2021-11-01,7
257,2022-11-01,9
257,2023-11-01,7
258,2022-11-01,9
258,2023-11-01,10
259,2017-11-01,8
259,2018-11-01,7
259,2019-11-01,10
259,2020-11-01,9
259,2021-11-01,9
259,2022-11-01,8
259,2023-11-01,10
260,2020-11-01,9
260,2021-11-01,8
260,2022-11-01,7
260,2023-11-01,10
261,2022-11-01,9
261,2023-11-01,8
262,2022-11-01,10
262,2023-11-01,10
263,2020-11-01,9
263,2021-11-01,8
263,2022-11-01,7
263,2023-11-01,7
264,2023-11-01,8
265,2020-11-01,7
265,2021-11-01,10
265,2022-11-01,10
265,2023-11-01,10
266,2021-11-01,8
266,2022-11-01,9
266,2023-11-01,10
267,2017-11-01,7
267,2018-11-01,7
267,2019-11-01,9
267,2020-11-01,9
267,2021-11-01,7
267,2022-11-01,9
267,2023-11-01,9
268,2022-11-01,8
268,2023-11-01,9
269,2021-11-01,10
269,2022-11-01,9
269,2023-11-01,10
270,2017-11-01,7
270,2018-11-01,4
270,2019-11-01,5
270,2020-11-01,3
270,2021-11-01,5
270,2022-11-01,5
270,2023-11-01,3
271,2015-11-01,8
271,2016-11-01,8
271,2017-11-01,8
271,2018-11-01,7
271,2019-11-01,7
271,2020-11-01,10
271,2021-11-01,10
271,2022-11-01,9
271,2023-11-01,10
272,2020-11-01,7
272,2021-11-01,10
272,2022-11-01,7
272,2023-11-01,9
273,2023-11-01,10
274,2021-11-01,9
274,2022-11-01,10
274,2023-11-01,5
275,2021-11-01,10
275,2022-11-01,3
275,2023-11-01,4
276,2020-11-01,10
276,2021-11-01,7
276,2022-11-01,3
276,2023-11-01,4
277,2021-11-01,10
277,2022-11-01,8
277,2023-11-01,8
278,2020-11-01,7
278,2021-11-01,10
278,2022-11-01,10
278,2023-11-01,10
279,2020-11-01,9
279,2021-11-01,7
279,2022-11-01,7
279,2023-11-01,7
280,2022-11-01,10
280,2023-11-01,7
281,2022-11-01,10
281,2023-11-01,8
282,2018-11-01,10
282,2019-11-01,7
282,2020-11-01,8
282,2021-11-01,9
282,2022-11-01,9
282,2023-11-01,7
283,2021-11-01,9
283,2022-11-01,10
283,2023-11-01,9
284,2022-11-01,7
284,2023-11-01,9
285,2016-11-01,8
285,2017-11-01,10
285,2018-11-01,9
285,2019-11-01,9
285,2020-11-01,9
285,2021-11-01,10
285,2022-11-01,10
285,2023-11-01,10
286,2015-11-01,10
286,2016-11-01,8
286,2017-11-01,4
286,2018-11-01,5
286,2019-11-01,3
286,2020-11-01,3
286,2021-11-01,4
286,2022-11-01,5
286,2023-11-01,3
287,2022-11-01,7
287,2023-11-01,10
288,2021-11-01,10
288,2022-11-01,9
288,2023-11-01,4
289,2016-11-01,7
289,2017-11-01,10
289,2018-11-01,10
289,2019-11-01,8
289,2020-11-01,7
289,2021-11-01,10
289,2022-11-01,7
289,2023-11-01,9
290,2019-11-01,8
290,2020-11-01,10
290,2021-11-01,7
290,2022-11-01,8
290,2023-11-01,10
291,2018-11-01,9
291,2019-11-01,7
291,2020-11-01,9
291,2021-11-01,7
291,2022-11-01,10
291,2023-11-01,9
292,2023-11-01,7
293,2018-11-01,8
293,2019-11-01,10
293,2020-11-01,9
293,2021-11-01,9
293,2022-11-01,9
293,2023-11-01,8
294,2021-11-01,7
294,2022-11-01,8
294,2023-11-01,9
295,2016-11-01,8
295,2017-11-01,10
295,2018-11-01,5
295,2019-11-01,3
295,2020-11-01,3
295,2021-11-01,5
295,2022-11-01,4
295,2023-11-01,3
296,2020-11-01,8
296,2021-11-01,10
296,2022-11-01,8
296,2023-11-01,10
297,2022-11-01,9
297,2023-11-01,7
298,2016-11-01,8
298,2017-11-01,9
298,2018-11-01,7
298,2019-11-01,7
298,2020-11-01,9
298,2021-11-01,7
298,2022-11-01,9
298,2023-11-01,9
299,2021-11-01,10
299,2022-11-01,9
299,2023-11-01,9
300,2015-11-01,9
300,2016-11-01,10
300,2017-11-01,9
300,2018-11-01,9
300,2019-11-01,9
300,2020-11-01,10
300,2021-11-01,9
300,2022-11-01,9
300,2023-11-01,8
301,2018-11-01,9
301,2019-11-01,8
301,2020-11-01,9
301,2021-11-01,8
301,2022-11-01,8
301,2023-11-01,10
302,2015-11-01,10
302,2016-11-01,10
302,2017-11-01,10
302,2018-11-01,8
302,2019-11-01,8
302,2020-11-01,7
302,2021-11-01,9
302,2022-11-01,10
302,2023-11-01,8
303,2016-11-01,9
303,2017-11-01,10
303,2018-11-01,7
303,2019-11-01,7
303,2020-11-01,9
303,2021-11-01,9
303,2022-11-01,10
303,2023-11-01,10
304,2018-11-01,9
304,2019-11-01,8
304,2020-11-01,8
304,2021-11-01,10
304,2022-11-01,9
304,2023-11-01,7
305,2021-11-01,9
305,2022-11-01,4
305,2023-11-01,3
306,2023-11-01,9
307,2021-11-01,7
307,2022-11-01,7
307,2023-11-01,9
308,2018-11-01,9
308,2019-11-01,8
308,2020-11-01,10
308,2021-11-01,7
308,2022-11-01,10
308,2023-11-01,9
309,2017-11-01,10
309,2018-11-01,9
309,2019-11-01,10
309,2020-11-01,9
309,2021-11-01,10
309,2022-11-01,7
309,2023-11-01,7
310,2022-11-01,8
310,2023-11-01,7
311,2016-11-01,8
311,2017-11-01,10
311,2018-11-01,7
311,2019-11-01,7
311,2020-11-01,10
311,2021-11-01,7
311,2022-11-01,9
311,2023-11-01,10
312,2021-11-01,10
312,2022-11-01,9
312,2023-11-01,8
313,2020-11-01,9
313,2021-11-01,7
313,2022-11-01,4
313,2023-11-01,4
314,2017-11-01,10
314,2018-11-01,10
314,2019-11-01,10
314,2020-11-01,8
314,2021-11-01,10
314,2022-11-01,10
314,2023-11-01,9
315,2020-11-01,8
315,2021-11-01,9
315,2022-11-01,8
315,2023-11-01,8
316,2022-11-01,9
316,2023-11-01,7
317,2020-11-01,10
317,2021-11-01,10
317,2022-11-01,7
317,2023-11-01,8
318,2022-11-01,10
318,2023-11-01,7
319,2022-11-01,7
319,2023-11-01,8
320,2021-11-01,10
320,2022-11-01,7
320,2023-11-01,10
321,2016-11-01,8
321,2017-11-01,10
321,2018-11-01,7
321,2019-11-01,8
321,2020-11-01,9
321,2021-11-01,8
321,2022-11-01,8
321,2023-11-01,10
322,2021-11-01,9
322,2022-11-01,7
322,2023-11-01,7
323,2021-11-01,7
323,2022-11-01,8
323,2023-11-01,8
324,2017-11-01,10
324,2018-11-01,7
324,2019-11-01,10
324,2020-11-01,8
324,2021-11-01,9
324,2022-11-01,9
324,2023-11-01,8
325,2016-11-01,9
325,2017-11-01,7
325,2018-11-01,3
325,2019-11-01,5
325,2020-11-01,3
325,2021-11-01,3
325,2022-11-01,4
325,2023-11-01,3
326,2020-11-01,8
326,2021-11-01,7
326,2022-11-01,10
326,2023-11-01,9
327,2023-11-01,8
328,2022-11-01,10
328,2023-11-01,7
329,2021-11-01,9
329,2022-11-01,10
329,2023-11-01,7
330,2016-11-01,10
330,2017-11-01,8
330,2018-11-01,8
330,2019-11-01,9
330,2020-11-01,7
330,2021-11-01,8
330,2022-11-01,8
330,2023-11-01,10
331,2021-11-01,8
331,2022-11-01,4
331,2023-11-01,3
332,2021-11-01,10
332,2022-11-01,8
332,2023-11-01,8
333,2023-11-01,10
334,2020-11-01,8
334,2021-11-01,8
334,2022-11-01,9
334,2023-11-01,10
335,2015-11-01,10
335,2016-11-01,9
335,2017-11-01,10
335,2018-11-01,7
335,2019-11-01,10
335,2020-11-01,9
335,2021-11-01,9
335,2022-11-01,7
335,2023-11-01,9
336,2020-11-01,8
336,2021-11-01,4
336,2022-11-01,3
336,2023-11-01,4
337,2021-11-01,9
337,2022-11-01,7
337,2023-11-01,7
338,2020-11-01,8
338,2021-11-01,7
338,2022-11-01,7
338,2023-11-01,9
339,2023-11-01,9
340,2023-11-01,8
341,2017-11-01,8
341,2018-11-01,9
341,2019-11-01,8
341,2020-11-01,8
341,2021-11-01,8
341,2022-11-01,10
341,2023-11-01,9
342,2018-11-01,9
342,2019-11-01,9
342,2020-11-01,7
342,2021-11-01,9
342,2022-11-01,8
342,2023-11-01,10
343,2021-11-01,8
343,2022-11-01,7
343,2023-11-01,9
344,2021-11-01,10
344,2022-11-01,8
344,2023-11-01,7
345,2021-11-01,8
345,2022-11-01,7
345,2023-11-01,10
346,2022-11-01,9
346,2023-11-01,7
347,2021-11-01,7
347,2022-11-01,9
347,2023-11-01,10
348,2017-11-01,8
348,2018-11-01,9
348,2019-11-01,9
348,2020-11-01,10
348,2021-11-01,9
348,2022-11-01,7
348,2023-11-01,8
349,2020-11-01,9
349,2021-11-01,9
349,2022-11-01,7
349,2023-11-01,7
350,2021-11-01,8
350,2022-11-01,9
350,2023-11-01,7
351,2022-11-01,10
351,2023-11-01,7
352,2022-11-01,7
352,2023-11-01,9
353,2018-11-01,8
353,2019-11-01,9
353,2020-11-01,9
353,2021-11-01,10
353,2022-11-01,8
353,2023-11-01,10
354,2019-11-01,10
354,2020-11-01,3
354,2021-11-01,5
354,2022-11-01,3
354,2023-11-01,5
355,2022-11-01,9
355,2023-11-01,8
356,2021-11-01,10
356,2022-11-01,9
356,2023-11-01,10
357,2022-11-01,5
357,2023-11-01,5
358,2021-11-01,8
358,2022-11-01,8
358,2023-11-01,10
359,2018-11-01,9
359,2019-11-01,7
359,2020-11-01,10
359,2021-11-01,9
359,2022-11-01,8
359,2023-11-01,7
360,2021-11-01,8
360,2022-11-01,9
360,2023-11-01,8
361,2021-11-01,10
361,2022-11-01,7
361,2023-11-01,10
362,2022-11-01,10
362,2023-11-01,7
363,2022-11-01,7
363,2023-11-01,10
364,2018-11-01,7
364,2019-11-01,9
364,2020-11-01,7
364,2021-11-01,9
364,2022-11-01,8
364,2023-11-01,10
365,2022-11-01,7
365,2023-11-01,7
366,2021-11-01,9
366,2022-11-01,8
366,2023-11-01,7
367,2020-11-01,9
367,2021-11-01,9
367,2022-11-01,7
367,2023-11-01,10
368,2022-11-01,7
368,2023-11-01,9
369,2021-11-01,8
369,2022-11-01,7
369,2023-11-01,8
370,2019-11-01,7
370,2020-11-01,3
370,2021-11-01,4
370,2022-11-01,3
370,2023-11-01,5
371,2021-11-01,9
371,2022-11-01,8
371,2023-11-01,8
372,2020-11-01,9
372,2021-11-01,10
372,2022-11-01,10
372,2023-11-01,9
373,2023-11-01,8
374,2021-11-01,8
374,2022-11-01,8
374,2023-11-01,9
375,2017-11-01,8
375,2018-11-01,8
375,2019-11-01,7
375,2020-11-01,7
375,2021-11-01,10
375,2022-11-01,10
375,2023-11-01,7
376,2019-11-01,10
376,2020-11-01,7
376,2021-11-01,10
376,2022-11-01,7
376,2023-11-01,9
377,2023-11-01,8
378,2022-11-01,8
378,2023-11-01,7
379,2021-11-01,4
379,2022-11-01,5
379,2023-11-01,5
380,2017-11-01,7
380,2018-11-01,10
380,2019-11-01,8
380,2020-11-01,9
380,2021-11-01,7
380,2022-11-01,10
380,2023-11-01,10
381,2019-11-01,7
381,2020-11-01,10
381,2021-11-01,4
381,2022-11-01,3
381,2023-11-01,4
382,2016-11-01,8
382,2017-11-01,10
382,2018-11-01,10
382,2019-11-01,10
382,2020-11-01,9
382,2021-11-01,8
382,2022-11-01,8
382,2023-11-01,9
383,2018-11-01,8
383,2019-11-01,9
383,2020-11-01,9
383,2021-11-01,8
383,2022-11-01,8
383,2023-11-01,8
384,2018-11-01,8
384,2019-11-01,8
384,2020-11-01,8
384,2021-11-01,9
384,2022-11-01,10
384,2023-11-01,8
385,2022-11-01,9
385,2023-11-01,7
386,2021-11-01,10
386,2022-11-01,10
386,2023-11-01,8
387,2020-11-01,10
387,2021-11-01,9
387,2022-11-01,9
387,2023-11-01,9
388,2020-11-01,7
388,2021-11-01,8
388,2022-11-01,8
388,2023-11-01,10
389,2018-11-01,7
389,2019-11-01,7
389,2020-11-01,5
389,2021-11-01,5
389,2022-11-01,5
389,2023-11-01,3
390,2021-11-01,8
390,2022-11-01,9
390,2023-11-01,10
391,2023-11-01,10
392,2021-11-01,8
392,2022-11-01,9
392,2023-11-01,9
393,2023-11-01,10
394,2021-11-01,8
394,2022-11-01,4
394,2023-11-01,4
395,2017-11-01,10
395,2018-11-01,10
395,2019-11-01,7
395,2020-11-01,8
395,2021-11-01,9
395,2022-11-01,8
395,2023-11-01,9
396,2020-11-01,8
396,2021-11-01,10
396,2022-11-01,10
396,2023-11-01,10
397,2022-11-01,8
397,2023-11-01,9
398,2023-11-01,10
399,2018-11-01,8
399,2019-11-01,9
399,2020-11-01,10
399,2021-11-01,7
399,2022-11-01,10
399,2023-11-01,7
400,2018-11-01,4
400,2019-11-01,3
400,2020-11-01,4
400,2021-11-01,5
400,2022-11-01,5
400,2023-11-01,5
401,2021-11-01,10
401,2022-11-01,9
401,2023-11-01,10
402,2021-11-01,10
402,2022-11-01,9
402,2023-11-01,10
403,2021-11-01,9
403,2022-11-01,9
403,2023-11-01,9
404,2021-11-01,9
404,2022-11-01,8
404,2023-11-01,9
405,2015-11-01,9
405,2016-11-01,8
405,2017-11-01,10
405,2018-11-01,10
405,2019-11-01,10
405,2020-11-01,8
405,2021-11-01,9
405,2022-11-01,9
405,2023-11-01,10
406,2018-11-01,8
406,2019-11-01,7
406,2020-11-01,9
406,2021-11-01,10
406,2022-11-01,7
406,2023-11-01,10
407,2021-11-01,8
407,2022-11-01,9
407,2023-11-01,8
408,2021-11-01,9
408,2022-11-01,8
408,2023-11-01,10
409,2023-11-01,7
410,2021-11-01,8
410,2022-11-01,9
410,2023-11-01,7
411,2022-11-01,8
411,2023-11-01,5
412,2021-11-01,8
412,2022-11-01,10
412,2023-11-01,9
413,2017-11-01,10
413,2018-11-01,10
413,2019-11-01,8
413,2020-11-01,10
413,2021-11-01,7
413,2022-11-01,8
413,2023-11-01,10
414,2021-11-01,9
414,2022-11-01,9
414,2023-11-01,10
415,2018-11-01,10
415,2019-11-01,9
415,2020-11-01,8
415,2021-11-01,8
415,2022-11-01,7
415,2023-11-01,10
416,2020-11-01,9
416,2021-11-01,8
416,2022-11-01,8
416,2023-11-01,10
417,2019-11-01,10
417,2020-11-01,7
417,2021-11-01,10
417,2022-11-01,9
417,2023-11-01,8
418,2023-11-01,9
419,2020-11-01,10
419,2021-11-01,9
419,2022-11-01,8
419,2023-11-01,9
420,2020-11-01,9
420,2021-11-01,9
420,2022-11-01,7
420,2023-11-01,8
421,2017-11-01,7
421,2018-11-01,10
421,2019-11-01,10
421,2020-11-01,8
421,2021-11-01,10
421,2022-11-01,8
421,2023-11-01,7
422,2020-11-01,10
422,2021-11-01,10
422,2022-11-01,7
422,2023-11-01,8
423,2020-11-01,7
423,2021-11-01,3
423,2022-11-01,4
423,2023-11-01,5
424,2021-11-01,10
424,2022-11-01,10
424,2023-11-01,9
425,2021-11-01,8
425,2022-11-01,8
425,2023-11-01,8
426,2021-11-01,10
426,2022-11-01,9
426,2023-11-01,10
427,2023-11-01,10
428,2021-11-01,8
428,2022-11-01,9
428,2023-11-01,9
429,2017-11-01,10
429,2018-11-01,10
429,2019-11-01,9
429,2020-11-01,9
429,2021-11-01,8
429,2022-11-01,8
429,2023-11-01,10
430,2021-11-01,10
430,2022-11-01,9
430,2023-11-01,10
431,2019-11-01,7
431,2020-11-01,8
431,2021-11-01,10
431,2022-11-01,7
431,2023-11-01,8
432,2021-11-01,9
432,2022-11-01,7
432,2023-11-01,7
433,2021-11-01,10
433,2022-11-01,9
433,2023-11-01,8
434,2017-11-01,9
434,2018-11-01,7
434,2019-11-01,8
434,2020-11-01,9
434,2021-11-01,7
434,2022-11-01,8
434,2023-11-01,8
435,2022-11-01,10
435,2023-11-01,9
436,2016-11-01,8
436,2017-11-01,10
436,2018-11-01,10
436,2019-11-01,9
436,2020-11-01,10
436,2021-11-01,8
436,2022-11-01,7
436,2023-11-01,8
437,2016-11-01,10
437,2017-11-01,10
437,2018-11-01,9
437,2019-11-01,9
437,2020-11-01,8
437,2021-11-01,7
437,2022-11-01,9
437,2023-11-01,7
438,2021-11-01,8
438,2022-11-01,8
438,2023-11-01,10
439,2018-11-01,9
439,2019-11-01,7
439,2020-11-01,5
439,2021-11-01,3
439,2022-11-01,4
439,2023-11-01,3
440,2020-11-01,8
440,2021-11-01,8
440,2022-11-01,9
440,2023-11-01,8
441,2020-11-01,8
441,2021-11-01,7
441,2022-11-01,9
441,2023-11-01,9
442,2019-11-01,7
442,2020-11-01,10
442,2021-11-01,9
442,2022-11-01,5
442,2023-11-01,3
443,2021-11-01,7
443,2022-11-01,10
443,2023-11-01,9
444,2021-11-01,10
444,2022-11-01,7
444,2023-11-01,8
445,2021-11-01,9
445,2022-11-01,7
445,2023-11-01,10
446,2015-11-01,8
446,2016-11-01,9
446,2017-11-01,9
446,2018-11-01,10
446,2019-11-01,7
446,2020-11-01,8
446,2021-11-01,7
446,2022-11-01,10
446,2023-11-01,10
447,2021-11-01,7
447,2022-11-01,10
447,2023-11-01,10
448,2016-11-01,8
448,2017-11-01,8
448,2018-11-01,8
448,2019-11-01,9
448,2020-11-01,8
448,2021-11-01,9
448,2022-11-01,7
448,2023-11-01,7
449,2021-11-01,9
449,2022-11-01,9
449,2023-11-01,8
450,2021-11-01,8
450,2022-11-01,10
450,2023-11-01,8
451,2019-11-01,8
451,2020-11-01,10
451,2021-11-01,8
451,2022-11-01,8
451,2023-11-01,7
452,2017-11-01,7
452,2018-11-01,10
452,2019-11-01,7
452,2020-11-01,10
452,2021-11-01,10
452,2022-11-01,10
452,2023-11-01,8
453,2023-11-01,9
454,2022-11-01,10
454,2023-11-01,10
455,2022-11-01,8
455,2023-11-01,9
456,2015-11-01,7
456,2016-11-01,10
456,2017-11-01,8
456,2018-11-01,7
456,2019-11-01,8
456,2020-11-01,10
456,2021-11-01,9
456,2022-11-01,8
456,2023-11-01,10
457,2021-11-01,5
457,2022-11-01,4
457,2023-11-01,3
458,2020-11-01,10
458,2021-11-01,7
458,2022-11-01,9
458,2023-11-01,10
459,2018-11-01,10
459,2019-11-01,8
459,2020-11-01,8
459,2021-11-01,8
459,2022-11-01,10
459,2023-11-01,8
460,2015-11-01,8
460,2016-11-01,8
460,2017-11-01,10
460,2018-11-01,4
460,2019-11-01,3
460,2020-11-01,4
460,2021-11-01,5
460,2022-11-01,4
460,2023-11-01,5
461,2022-11-01,10
461,2023-11-01,10
462,2020-11-01,9
462,2021-11-01,9
462,2022-11-01,9
462,2023-11-01,8
463,2023-11-01,10
464,2020-11-01,8
464,2021-11-01,9
464,2022-11-01,8
464,2023-11-01,5
465,2016-11-01,8
465,2017-11-01,7
465,2018-11-01,8
465,2019-11-01,7
465,2020-11-01,9
465,2021-11-01,8
465,2022-11-01,7
465,2023-11-01,9
466,2016-11-01,8
466,2017-11-01,8
466,2018-11-01,8
466,2019-11-01,10
466,2020-11-01,7
466,2021-11-01,10
466,2022-11-01,10
466,2023-11-01,9
467,2018-11-01,8
467,2019-11-01,9
467,2020-11-01,7
467,2021-11-01,7
467,2022-11-01,7
467,2023-11-01,9
468,2018-11-01,8
468,2019-11-01,9
468,2020-11-01,10
468,2021-11-01,9
468,2022-11-01,8
468,2023-11-01,7
469,2019-11-01,8
469,2020-11-01,10
469,2021-11-01,9
469,2022-11-01,7
469,2023-11-01,7
470,2019-11-01,8
470,2020-11-01,7
470,2021-11-01,10
470,2022-11-01,8
470,2023-11-01,8
471,2018-11-01,8
471,2019-11-01,10
471,2020-11-01,10
471,2021-11-01,10
471,2022-11-01,8
471,2023-11-01,10
472,2018-11-01,7
472,2019-11-01,9
472,2020-11-01,8
472,2021-11-01,10
472,2022-11-01,8
472,2023-11-01,7
473,2022-11-01,8
473,2023-11-01,8
474,2021-11-01,8
474,2022-11-01,8
474,2023-11-01,9
475,2020-11-01,3
475,2021-11-01,3
475,2022-11-01,3
475,2023-11-01,4
476,2021-11-01,10
476,2022-11-01,7
476,2023-11-01,9
477,2020-11-01,10
477,2021-11-01,10
477,2022-11-01,8
477,2023-11-01,10
478,2021-11-01,8
478,2022-11-01,5
478,2023-11-01,5
479,2022-11-01,9
479,2023-11-01,10
480,2020-11-01,10
480,2021-11-01,7
480,2022-11-01,10
480,2023-11-01,8
481,2018-11-01,8
481,2019-11-01,8
481,2020-11-01,9
481,2021-11-01,10
481,2022-11-01,10
481,2023-11-01,9
482,2022-11-01,8
482,2023-11-01,9
483,2022-11-01,7
483,2023-11-01,7
484,2020-11-01,9
484,2021-11-01,10
484,2022-11-01,7
484,2023-11-01,10
485,2022-11-01,5
485,2023-11-01,5
486,2023-11-01,8
487,2021-11-01,10
487,2022-11-01,7
487,2023-11-01,8
488,2021-11-01,8
488,2022-11-01,9
488,2023-11-01,9
489,2022-11-01,8
489,2023-11-01,9
490,2020-11-01,7
490,2021-11-01,8
490,2022-11-01,7
490,2023-11-01,9
491,2017-11-01,9
491,2018-11-01,9
491,2019-11-01,7
491,2020-11-01,9
491,2021-11-01,9
491,2022-11-01,9
491,2023-11-01,7
492,2020-11-01,8
492,2021-11-01,9
492,2022-11-01,7
492,2023-11-01,7
493,2021-11-01,7
493,2022-11-01,3
493,2023-11-01,3
494,2020-11-01,9
494,2021-11-01,7
494,2022-11-01,4
494,2023-11-01,5
495,2020-11-01,10
495,2021-11-01,3
495,2022-11-01,4
495,2023-11-01,5
496,2020-11-01,9
496,2021-11-01,9
496,2022-11-01,8
496,2023-11-01,10
497,2015-11-01,9
497,2016-11-01,10
497,2017-11-01,10
497,2018-11-01,9
497,2019-11-01,8
497,2020-11-01,9
497,2021-11-01,10
497,2022-11-01,7
497,2023-11-01,8
498,2020-11-01,8
498,2021-11-01,7
498,2022-11-01,10
498,2023-11-01,7
499,2021-11-01,7
499,2022-11-01,5
499,2023-11-01,5
500,2021-11-01,8
500,2022-11-01,8
500,2023-11-01,8
501,2020-11-01,10
501,2021-11-01,9
501,2022-11-01,8
501,2023-11-01,9
502,2023-11-01,9
503,2020-11-01,10
503,2021-11-01,8
503,2022-11-01,8
503,2023-11-01,9
504,2022-11-01,8
504,2023-11-01,9
505,2020-11-01,5
505,2021-11-01,3
505,2022-11-01,4
505,2023-11-01,5
506,2021-11-01,8
506,2022-11-01,7
506,2023-11-01,8
507,2021-11-01,7
507,2022-11-01,8
507,2023-11-01,7
508,2020-11-01,7
508,2021-11-01,7
508,2022-11-01,9
508,2023-11-01,7
509,2021-11-01,10
509,2022-11-01,7
509,2023-11-01,7
510,2021-11-01,7
510,2022-11-01,10
510,2023-11-01,9
511,2021-11-01,10
511,2022-11-01,8
511,2023-11-01,9
512,2022-11-01,8
512,2023-11-01,8
513,2023-11-01,10
514,2020-11-01,8
514,2021-11-01,9
514,2022-11-01,10
514,2023-11-01,10
515,2019-11-01,8
515,2020-11-01,10
515,2021-11-01,7
515,2022-11-01,8
515,2023-11-01,10
516,2021-11-01,7
516,2022-11-01,7
516,2023-11-01,8
517,2021-11-01,8
517,2022-11-01,9
517,2023-11-01,8
518,2020-11-01,10
518,2021-11-01,8
518,2022-11-01,9
518,2023-11-01,10
519,2018-11-01,7
519,2019-11-01,3
519,2020-11-01,5
519,2021-11-01,5
519,2022-11-01,5
519,2023-11-01,3
520,2015-11-01,9
520,2016-11-01,7
520,2017-11-01,5
520,2018-11-01,5
520,2019-11-01,4
520,2020-11-01,4
520,2021-11-01,3
520,2022-11-01,4
520,2023-11-01,5
521,2021-11-01,9
521,2022-11-01,10
521,2023-11-01,9
522,2020-11-01,8
522,2021-11-01,9
522,2022-11-01,10
522,2023-11-01,7
523,2020-11-01,8
523,2021-11-01,9
523,2022-11-01,5
523,2023-11-01,4
524,2020-11-01,10
524,2021-11-01,8
524,2022-11-01,7
524,2023-11-01,10
525,2020-11-01,9
525,2021-11-01,7
525,2022-11-01,8
525,2023-11-01,10
526,2016-11-01,9
526,2017-11-01,9
526,2018-11-01,7
526,2019-11-01,8
526,2020-11-01,8
526,2021-11-01,8
526,2022-11-01,8
526,2023-11-01,10
527,2021-11-01,8
527,2022-11-01,10
527,2023-11-01,9
528,2021-11-01,7
528,2022-11-01,10
528,2023-11-01,7
529,2020-11-01,10
529,2021-11-01,10
529,2022-11-01,8
529,2023-11-01,5
530,2021-11-01,8
530,2022-11-01,7
530,2023-11-01,9
531,2015-11-01,10
531,2016-11-01,8
531,2017-11-01,9
531,2018-11-01,7
531,2019-11-01,10
531,2020-11-01,8
531,2021-11-01,9
531,2022-11-01,9
531,2023-11-01,10
532,2021-11-01,10
532,2022-11-01,10
532,2023-11-01,10
533,2016-11-01,10
533,2017-11-01,7
533,2018-11-01,8
533,2019-11-01,7
533,2020-11-01,10
533,2021-11-01,8
533,2022-11-01,7
533,2023-11-01,7
534,2020-11-01,10
534,2021-11-01,7
534,2022-11-01,9
534,2023-11-01,10
535,2021-11-01,10
535,2022-11-01,9
535,2023-11-01,7
536,2021-11-01,7
536,2022-11-01,10
536,2023-11-01,10
537,2022-11-01,8
537,2023-11-01,7
538,2021-11-01,7
538,2022-11-01,9
538,2023-11-01,7
539,2021-11-01,9
539,2022-11-01,8
539,2023-11-01,10
540,2022-11-01,8
540,2023-11-01,9
541,2021-11-01,7
541,2022-11-01,10
541,2023-11-01,9
542,2015-11-01,7
542,2016-11-01,10
542,2017-11-01,7
542,2018-11-01,8
542,2019-11-01,9
542,2020-11-01,7
542,2021-11-01,7
542,2022-11-01,9
542,2023-11-01,10
543,2020-11-01,9
543,2021-11-01,7
543,2022-11-01,4
543,2023-11-01,3
544,2021-11-01,9
544,2022-11-01,7
544,2023-11-01,7
545,2020-11-01,9
545,2021-11-01,8
545,2022-11-01,4
545,2023-11-01,4
546,2017-11-01,7
546,2018-11-01,9
546,2019-11-01,7
546,2020-11-01,8
546,2021-11-01,10
546,2022-11-01,7
546,2023-11-01,7
547,2020-11-01,8
547,2021-11-01,8
547,2022-11-01,10
547,2023-11-01,10
548,2015-11-01,8
548,2016-11-01,9
548,2017-11-01,10
548,2018-11-01,7
548,2019-11-01,10
548,2020-11-01,8
548,2021-11-01,10
548,2022-11-01,8
548,2023-11-01,8
549,2023-11-01,7
550,2017-11-01,9
550,2018-11-01,9
550,2019-11-01,9
550,2020-11-01,8
550,2021-11-01,7
550,2022-11-01,9
550,2023-11-01,7
551,2021-11-01,8
551,2022-11-01,8
551,2023-11-01,7
552,2022-11-01,7
552,2023-11-01,9
553,2019-11-01,10
553,2020-11-01,7
553,2021-11-01,5
553,2022-11-01,5
553,2023-11-01,3
554,2020-11-01,10
554,2021-11-01,7
554,2022-11-01,9
554,2023-11-01,9
555,2015-11-01,7
555,2016-11-01,7
555,2017-11-01,9
555,2018-11-01,7
555,2019-11-01,10
555,2020-11-01,7
555,2021-11-01,10
555,2022-11-01,10
555,2023-11-01,9
556,2020-11-01,8
556,2021-11-01,10
556,2022-11-01,9
556,2023-11-01,7
557,2020-11-01,9
557,2021-11-01,7
557,2022-11-01,7
557,2023-11-01,8
558,2020-11-01,7
558,2021-11-01,5
558,2022-11-01,5
558,2023-11-01,3
559,2023-11-01,9
560,2020-11-01,9
560,2021-11-01,9
560,2022-11-01,10
560,2023-11-01,10
561,2019-11-01,8
561,2020-11-01,8
561,2021-11-01,10
561,2022-11-01,7
561,2023-11-01,7
562,2017-11-01,7
562,2018-11-01,8
562,2019-11-01,7
562,2020-11-01,7
562,2021-11-01,10
562,2022-11-01,9
562,2023-11-01,10
563,2020-11-01,9
563,2021-11-01,8
563,2022-11-01,10
563,2023-11-01,8
564,2022-11-01,8
564,2023-11-01,9
565,2020-11-01,8
565,2021-11-01,10
565,2022-11-01,9
565,2023-11-01,10
566,2023-11-01,8
567,2019-11-01,8
567,2020-11-01,4
567,2021-11-01,4
567,2022-11-01,5
567,2023-11-01,5
568,2020-11-01,10
568,2021-11-01,9
568,2022-11-01,7
568,2023-11-01,10
569,2021-11-01,10
569,2022-11-01,8
569,2023-11-01,9
570,2018-11-01,9
570,2019-11-01,8
570,2020-11-01,10
570,2021-11-01,8
570,2022-11-01,7
570,2023-11-01,7
571,2020-11-01,8
571,2021-11-01,10
571,2022-11-01,7
571,2023-11-01,8
572,2023-11-01,7
573,2022-11-01,7
573,2023-11-01,8
574,2021-11-01,3
574,2022-11-01,4
574,2023-11-01,4
575,2021-11-01,7
575,2022-11-01,8
575,2023-11-01,10
576,2018-11-01,10
576,2019-11-01,7
576,2020-11-01,3
576,2021-11-01,4
576,2022-11-01,3
576,2023-11-01,3
577,2018-11-01,8
577,2019-11-01,7
577,2020-11-01,7
577,2021-11-01,9
577,2022-11-01,7
577,2023-11-01,8
578,2017-11-01,8
578,2018-11-01,7
578,2019-11-01,4
578,2020-11-01,4
578,2021-11-01,4
578,2022-11-01,4
578,2023-11-01,3
579,2021-11-01,8
579,2022-11-01,10
579,2023-11-01,8
580,2015-11-01,7
580,2016-11-01,8
580,2017-11-01,9
580,2018-11-01,7
580,2019-11-01,10
580,2020-11-01,8
580,2021-11-01,9
580,2022-11-01,8
580,2023-11-01,9
581,2023-11-01,7
582,2017-11-01,7
582,2018-11-01,8
582,2019-11-01,9
582,2020-11-01,5
582,2021-11-01,3
582,2022-11-01,3
582,2023-11-01,3
583,2020-11-01,10
583,2021-11-01,7
583,2022-11-01,8
583,2023-11-01,7
584,2022-11-01,8
584,2023-11-01,9
585,2019-11-01,7
585,2020-11-01,7
585,2021-11-01,9
585,2022-11-01,9
585,2023-11-01,9
586,2015-11-01,10
586,2016-11-01,8
586,2017-11-01,8
586,2018-11-01,7
586,2019-11-01,9
586,2020-11-01,9
586,2021-11-01,8
586,2022-11-01,9
586,2023-11-01,9
587,2022-11-01,8
587,2023-11-01,8
588,2020-11-01,9
588,2021-11-01,8
588,2022-11-01,5
588,2023-11-01,4
589,2018-11-01,8
589,2019-11-01,7
589,2020-11-01,9
589,2021-11-01,8
589,2022-11-01,9
589,2023-11-01,9
590,2022-11-01,7
590,2023-11-01,8
591,2022-11-01,8
591,2023-11-01,8
592,2020-11-01,7
592,2021-11-01,7
592,2022-11-01,8
592,2023-11-01,8
593,2021-11-01,9
593,2022-11-01,7
593,2023-11-01,10
594,2023-11-01,7
595,2020-11-01,10
595,2021-11-01,10
595,2022-11-01,9
595,2023-11-01,7
596,2016-11-01,9
596,2017-11-01,9
596,2018-11-01,7
596,2019-11-01,9
596,2020-11-01,7
596,2021-11-01,8
596,2022-11-01,10
596,2023-11-01,10
597,2019-11-01,8
597,2020-11-01,9
597,2021-11-01,7
597,2022-11-01,7
597,2023-11-01,10
598,2023-11-01,10
599,2022-11-01,8
599,2023-11-01,9
600,2021-11-01,8
600,2022-11-01,8
600,2023-11-01,5
601,2019-11-01,9
601,2020-11-01,10
601,2021-11-01,8
601,2022-11-01,8
601,2023-11-01,10
602,2022-11-01,8
602,2023-11-01,9
603,2020-11-01,9
603,2021-11-01,10
603,2022-11-01,9
603,2023-11-01,7
604,2020-11-01,7
604,2021-11-01,8
604,2022-11-01,7
604,2023-11-01,7
605,2022-11-01,10
605,2023-11-01,10
606,2018-11-01,8
606,2019-11-01,9
606,2020-11-01,7
606,2021-11-01,9
606,2022-11-01,7
606,2023-11-01,7
607,2018-11-01,10
607,2019-11-01,10
607,2020-11-01,8
607,2021-11-01,10
607,2022-11-01,9
607,2023-11-01,8
608,2019-11-01,10
608,2020-11-01,7
608,2021-11-01,8
608,2022-11-01,10
608,2023-11-01,10
609,2023-11-01,9
610,2021-11-01,8
610,2022-11-01,8
610,2023-11-01,7
611,2018-11-01,8
611,2019-11-01,10
611,2020-11-01,10
611,2021-11-01,9
611,2022-11-01,8
611,2023-11-01,9
612,2023-11-01,9
613,2017-11-01,9
613,2018-11-01,8
613,2019-11-01,8
613,2020-11-01,10
613,2021-11-01,9
613,2022-11-01,9
613,2023-11-01,10
614,2021-11-01,8
614,2022-11-01,9
614,2023-11-01,9
615,2022-11-01,7
615,2023-11-01,9
616,2021-11-01,10
616,2022-11-01,9
616,2023-11-01,8
617,2021-11-01,7
617,2022-11-01,9
617,2023-11-01,9
618,2016-11-01,9
618,2017-11-01,10
618,2018-11-01,8
618,2019-11-01,10
618,2020-11-01,9
618,2021-11-01,9
618,2022-11-01,10
618,2023-11-01,7
619,2021-11-01,9
619,2022-11-01,9
619,2023-11-01,10
620,2020-11-01,10
620,2021-11-01,8
620,2022-11-01,7
620,2023-11-01,7
621,2020-11-01,8
621,2021-11-01,10
621,2022-11-01,7
621,2023-11-01,7
622,2018-11-01,7
622,2019-11-01,10
622,2020-11-01,7
622,2021-11-01,10
622,2022-11-01,7
622,2023-11-01,7
623,2023-11-01,8
624,2019-11-01,10
624,2020-11-01,8
624,2021-11-01,9
624,2022-11-01,10
624,2023-11-01,10
625,2020-11-01,9
625,2021-11-01,7
625,2022-11-01,7
625,2023-11-01,10
626,2016-11-01,9
626,2017-11-01,7
626,2018-11-01,7
626,2019-11-01,7
626,2020-11-01,9
626,2021-11-01,9
626,2022-11-01,9
626,2023-11-01,10
627,2017-11-01,9
627,2018-11-01,8
627,2019-11-01,4
627,2020-11-01,4
627,2021-11-01,5
627,2022-11-01,3
627,2023-11-01,4
628,2022-11-01,7
628,2023-11-01,8
629,2022-11-01,8
629,2023-11-01,8
630,2018-11-01,10
630,2019-11-01,8
630,2020-11-01,8
630,2021-11-01,7
630,2022-11-01,10
630,2023-11-01,8
631,2015-11-01,8
631,2016-11-01,9
631,2017-11-01,8
631,2018-11-01,7
631,2019-11-01,10
631,2020-11-01,8
631,2021-11-01,8
631,2022-11-01,10
631,2023-11-01,10
632,2021-11-01,10
632,2022-11-01,8
632,2023-11-01,9
633,2020-11-01,9
633,2021-11-01,10
633,2022-11-01,7
633,2023-11-01,8
634,2020-11-01,7
634,2021-11-01,7
634,2022-11-01,8
634,2023-11-01,10
635,2022-11-01,9
635,2023-11-01,10
636,2018-11-01,9
636,2019-11-01,9
636,2020-11-01,9
636,2021-11-01,8
636,2022-11-01,9
636,2023-11-01,10
637,2023-11-01,7
638,2021-11-01,8
638,2022-11-01,10
638,2023-11-01,10
639,2015-11-01,9
639,2016-11-01,10
639,2017-11-01,5
639,2018-11-01,5
639,2019-11-01,4
639,2020-11-01,3
639,2021-11-01,3
639,2022-11-01,4
639,2023-11-01,4
640,2022-11-01,7
640,2023-11-01,9
641,2020-11-01,7
641,2021-11-01,8
641,2022-11-01,9
641,2023-11-01,7
642,2017-11-01,9
642,2018-11-01,8
642,2019-11-01,7
642,2020-11-01,8
642,2021-11-01,9
642,2022-11-01,10
642,2023-11-01,9
643,2021-11-01,9
643,2022-11-01,9
643,2023-11-01,7
644,2023-11-01,10
645,2020-11-01,7
645,2021-11-01,10
645,2022-11-01,8
645,2023-11-01,7
646,2020-11-01,7
646,2021-11-01,9
646,2022-11-01,7
646,2023-11-01,8
647,2022-11-01,7
647,2023-11-01,9
648,2020-11-01,10
648,2021-11-01,10
648,2022-11-01,9
648,2023-11-01,3
649,2016-11-01,7
649,2017-11-01,8
649,2018-11-01,9
649,2019-11-01,10
649,2020-11-01,8
649,2021-11-01,10
649,2022-11-01,10
649,2023-11-01,10
650,2021-11-01,7
650,2022-11-01,8
650,2023-11-01,7
651,2019-11-01,7
651,2020-11-01,7
651,2021-11-01,7
651,2022-11-01,10
651,2023-11-01,10
652,2021-11-01,8
652,2022-11-01,8
652,2023-11-01,10
653,2019-11-01,9
653,2020-11-01,7
653,2021-11-01,7
653,2022-11-01,7
653,2023-11-01,8
654,2020-11-01,9
654,2021-11-01,7
654,2022-11-01,7
654,2023-11-01,10
655,2019-11-01,9
655,2020-11-01,5
655,2021-11-01,5
655,2022-11-01,5
655,2023-11-01,5
656,2021-11-01,3
656,2022-11-01,3
656,2023-11-01,5
657,2020-11-01,9
657,2021-11-01,8
657,2022-11-01,7
657,2023-11-01,9
658,2020-11-01,10
658,2021-11-01,7
658,2022-11-01,8
658,2023-11-01,7
659,2021-11-01,10
659,2022-11-01,8
659,2023-11-01,10
660,2015-11-01,7
660,2016-11-01,7
660,2017-11-01,8
660,2018-11-01,10
660,2019-11-01,10
660,2020-11-01,10
660,2021-11-01,9
660,2022-11-01,8
660,2023-11-01,8
661,2016-11-01,7
661,2017-11-01,10
661,2018-11-01,9
661,2019-11-01,10
661,2020-11-01,10
661,2021-11-01,7
661,2022-11-01,9
661,2023-11-01,7
662,2020-11-01,7
662,2021-11-01,10
662,2022-11-01,10
662,2023-11-01,7
663,2020-11-01,9
663,2021-11-01,10
663,2022-11-01,8
663,2023-11-01,8
664,2021-11-01,8
664,2022-11-01,7
664,2023-11-01,8
665,2019-11-01,9
665,2020-11-01,9
665,2021-11-01,7
665,2022-11-01,8
665,2023-11-01,10
666,2016-11-01,7
666,2017-11-01,8
666,2018-11-01,7
666,2019-11-01,7
666,2020-11-01,10
666,2021-11-01,9
666,2022-11-01,8
666,2023-11-01,8
667,2022-11-01,9
667,2023-11-01,8
668,2021-11-01,8
668,2022-11-01,10
668,2023-11-01,7
669,2022-11-01,8
669,2023-11-01,8
670,2023-11-01,7
671,2015-11-01,10
671,2016-11-01,8
671,2017-11-01,8
671,2018-11-01,10
671,2019-11-01,10
671,2020-11-01,7
671,2021-11-01,9
671,2022-11-01,10
671,2023-11-01,7
672,2022-11-01,8
672,2023-11-01,10
673,2022-11-01,8
673,2023-11-01,10
674,2020-11-01,9
674,2021-11-01,9
674,2022-11-01,8
674,2023-11-01,8
675,2021-11-01,9
675,2022-11-01,10
675,2023-11-01,9
676,2021-11-01,9
676,2022-11-01,7
676,2023-11-01,10
677,2020-11-01,7
677,2021-11-01,9
677,2022-11-01,10
677,2023-11-01,9
678,2021-11-01,5
678,2022-11-01,4
678,2023-11-01,3
679,2022-11-01,8
679,2023-11-01,10
680,2018-11-01,7
680,2019-11-01,9
680,2020-11-01,9
680,2021-11-01,10
680,2022-11-01,9
680,2023-11-01,7
681,2023-11-01,10
682,2020-11-01,10
682,2021-11-01,3
682,2022-11-01,5
682,2023-11-01,4
683,2023-11-01,7
684,2023-11-01,7
685,2016-11-01,8
685,2017-11-01,7
685,2018-11-01,7
685,2019-11-01,7
685,2020-11-01,10
685,2021-11-01,9
685,2022-11-01,9
685,2023-11-01,7
686,2020-11-01,8
686,2021-11-01,9
686,2022-11-01,10
686,2023-11-01,7
687,2015-11-01,9
687,2016-11-01,9
687,2017-11-01,9
687,2018-11-01,10
687,2019-11-01,7
687,2020-11-01,9
687,2021-11-01,7
687,2022-11-01,9
687,2023-11-01,8
688,2020-11-01,8
688,2021-11-01,10
688,2022-11-01,8
688,2023-11-01,3
689,2022-11-01,10
689,2023-11-01,9
690,2020-11-01,7
690,2021-11-01,7
690,2022-11-01,9
690,2023-11-01,9
691,2016-11-01,9
691,2017-11-01,7
691,2018-11-01,7
691,2019-11-01,4
691,2020-11-01,5
691,2021-11-01,4
691,2022-11-01,3
691,2023-11-01,5
692,2021-11-01,9
692,2022-11-01,7
692,2023-11-01,7
693,2020-11-01,7
693,2021-11-01,5
693,2022-11-01,3
693,2023-11-01,5
694,2020-11-01,9
694,2021-11-01,7
694,2022-11-01,8
694,2023-11-01,8
695,2022-11-01,9
695,2023-11-01,8
696,2021-11-01,8
696,2022-11-01,3
696,2023-11-01,5
697,2021-11-01,10
697,2022-11-01,7
697,2023-11-01,5
698,2015-11-01,10
698,2016-11-01,7
698,2017-11-01,10
698,2018-11-01,9
698,2019-11-01,7
698,2020-11-01,10
698,2021-11-01,8
698,2022-11-01,9
698,2023-11-01,8
699,2023-11-01,7
700,2017-11-01,8
700,2018-11-01,7
700,2019-11-01,7
700,2020-11-01,9
700,2021-11-01,9
700,2022-11-01,9
700,2023-11-01,8
701,2016-11-01,8
701,2017-11-01,10
701,2018-11-01,7
701,2019-11-01,8
701,2020-11-01,9
701,2021-11-01,10
701,2022-11-01,7
701,2023-11-01,8
702,2020-11-01,9
702,2021-11-01,7
702,2022-11-01,10
702,2023-11-01,7
703,2019-11-01,4
703,2020-11-01,4
703,2021-11-01,5
703,2022-11-01,3
703,2023-11-01,4
704,2022-11-01,7
704,2023-11-01,10
705,2020-11-01,9
705,2021-11-01,7
705,2022-11-01,8
705,2023-11-01,8
706,2018-11-01,9
706,2019-11-01,8
706,2020-11-01,7
706,2021-11-01,7
706,2022-11-01,8
706,2023-11-01,9
707,2021-11-01,10
707,2022-11-01,10
707,2023-11-01,10
708,2021-11-01,7
708,2022-11-01,7
708,2023-11-01,9
709,2016-11-01,10
709,2017-11-01,8
709,2018-11-01,9
709,2019-11-01,4
709,2020-11-01,5
709,2021-11-01,5
709,2022-11-01,5
709,2023-11-01,5
710,2020-11-01,7
710,2021-11-01,7
710,2022-11-01,7
710,2023-11-01,9
711,2020-11-01,8
711,2021-11-01,7
711,2022-11-01,7
711,2023-11-01,8
712,2021-11-01,9
712,2022-11-01,8
712,2023-11-01,7
713,2020-11-01,7
713,2021-11-01,9
713,2022-11-01,4
713,2023-11-01,5
714,2015-11-01,8
714,2016-11-01,7
714,2017-11-01,8
714,2018-11-01,7
714,2019-11-01,8
714,2020-11-01,7
714,2021-11-01,7
714,2022-11-01,9
714,2023-11-01,8
715,2019-11-01,10
715,2020-11-01,7
715,2021-11-01,4
715,2022-11-01,4
715,2023-11-01,5
716,2019-11-01,10
716,2020-11-01,7
716,2021-11-01,9
716,2022-11-01,8
716,2023-11-01,7
717,2019-11-01,7
717,2020-11-01,9
717,2021-11-01,7
717,2022-11-01,10
717,2023-11-01,8
718,2023-11-01,7
719,2021-11-01,9
719,2022-11-01,8
719,2023-11-01,10
720,2020-11-01,7
720,2021-11-01,10
720,2022-11-01,8
720,2023-11-01,9
721,2021-11-01,9
721,2022-11-01,7
721,2023-11-01,10
722,2015-11-01,8
722,2016-11-01,10
722,2017-11-01,10
722,2018-11-01,9
722,2019-11-01,10
722,2020-11-01,8
722,2021-11-01,10
722,2022-11-01,10
722,2023-11-01,7
723,2016-11-01,7
723,2017-11-01,9
723,2018-11-01,9
723,2019-11-01,9
723,2020-11-01,8
723,2021-11-01,8
723,2022-11-01,8
723,2023-11-01,8
724,2023-11-01,8
725,2021-11-01,8
725,2022-11-01,8
725,2023-11-01,5
726,2023-11-01,10
727,2021-11-01,9
727,2022-11-01,10
727,2023-11-01,8
728,2022-11-01,9
728,2023-11-01,9
729,2023-11-01,8
730,2015-11-01,8
730,2016-11-01,9
730,2017-11-01,8
730,2018-11-01,7
730,2019-11-01,8
730,2020-11-01,10
730,2021-11-01,7
730,2022-11-01,7
730,2023-11-01,7
731,2022-11-01,10
731,2023-11-01,9
732,2021-11-01,7
732,2022-11-01,8
732,2023-11-01,7
733,2023-11-01,7
734,2021-11-01,7
734,2022-11-01,7
734,2023-11-01,9
735,2021-11-01,7
735,2022-11-01,10
735,2023-11-01,8
736,2021-11-01,8
736,2022-11-01,9
736,2023-11-01,8
737,2016-11-01,10
737,2017-11-01,9
737,2018-11-01,10
737,2019-11-01,9
737,2020-11-01,7
737,2021-11-01,10
737,2022-11-01,10
737,2023-11-01,7
738,2022-11-01,10
738,2023-11-01,10
739,2022-11-01,9
739,2023-11-01,8
740,2015-11-01,9
740,2016-11-01,7
740,2017-11-01,8
740,2018-11-01,10
740,2019-11-01,10
740,2020-11-01,7
740,2021-11-01,9
740,2022-11-01,7
740,2023-11-01,8
741,2020-11-01,7
741,2021-11-01,10
741,2022-11-01,8
741,2023-11-01,7
742,2021-11-01,9
742,2022-11-01,3
742,2023-11-01,4
743,2020-11-01,5
743,2021-11-01,5
743,2022-11-01,3
743,2023-11-01,5
744,2020-11-01,7
744,2021-11-01,3
744,2022-11-01,4
744,2023-11-01,4
745,2022-11-01,9
745,2023-11-01,8
746,2023-11-01,8
747,2022-11-01,9
747,2023-11-01,10
748,2021-11-01,9
748,2022-11-01,7
748,2023-11-01,7
749,2022-11-01,8
749,2023-11-01,9
750,2022-11-01,9
750,2023-11-01,8
751,2020-11-01,10
751,2021-11-01,9
751,2022-11-01,5
751,2023-11-01,3
752,2015-11-01,9
752,2016-11-01,9
752,2017-11-01,9
752,2018-11-01,10
752,2019-11-01,9
752,2020-11-01,10
752,2021-11-01,10
752,2022-11-01,8
752,2023-11-01,9
753,2022-11-01,9
753,2023-11-01,10
754,2022-11-01,10
754,2023-11-01,8
755,2016-11-01,8
755,2017-11-01,10
755,2018-11-01,9
755,2019-11-01,8
755,2020-11-01,7
755,2021-11-01,10
755,2022-11-01,7
755,2023-11-01,10
756,2016-11-01,9
756,2017-11-01,10
756,2018-11-01,10
756,2019-11-01,10
756,2020-11-01,10
756,2021-11-01,10
756,2022-11-01,7
756,2023-11-01,9
757,2022-11-01,7
757,2023-11-01,9
758,2020-11-01,7
758,2021-11-01,7
758,2022-11-01,10
758,2023-11-01,10
759,2020-11-01,7
759,2021-11-01,5
759,2022-11-01,3
759,2023-11-01,4
760,2021-11-01,7
760,2022-11-01,9
760,2023-11-01,10
761,2021-11-01,10
761,2022-11-01,7
761,2023-11-01,8
762,2020-11-01,8
762,2021-11-01,8
762,2022-11-01,10
762,2023-11-01,8
763,2022-11-01,7
763,2023-11-01,7
764,2020-11-01,7
764,2021-11-01,10
764,2022-11-01,8
764,2023-11-01,8
765,2015-11-01,10
765,2016-11-01,9
765,2017-11-01,7
765,2018-11-01,8
765,2019-11-01,9
765,2020-11-01,9
765,2021-11-01,9
765,2022-11-01,8
765,2023-11-01,9
766,2017-11-01,9
766,2018-11-01,5
766,2019-11-01,4
766,2020-11-01,3
766,2021-11-01,4
766,2022-11-01,4
766,2023-11-01,4
767,2021-11-01,9
767,2022-11-01,9
767,2023-11-01,9
768,2022-11-01,9
768,2023-11-01,7
769,2021-11-01,7
769,2022-11-01,10
769,2023-11-01,10
770,2022-11-01,9
770,2023-11-01,10
771,2019-11-01,9
771,2020-11-01,7
771,2021-11-01,4
771,2022-11-01,3
771,2023-11-01,5
772,2021-11-01,9
772,2022-11-01,10
772,2023-11-01,8
773,2022-11-01,8
773,2023-11-01,10
774,2020-11-01,8
774,2021-11-01,10
774,2022-11-01,7
774,2023-11-01,10
775,2015-11-01,9
775,2016-11-01,5
775,2017-11-01,4
775,2018-11-01,4
775,2019-11-01,5
775,2020-11-01,5
775,2021-11-01,5
775,2022-11-01,5
775,2023-11-01,3
776,2023-11-01,7
777,2020-11-01,9
777,2021-11-01,9
777,2022-11-01,10
777,2023-11-01,9
778,2018-11-01,8
778,2019-11-01,9
778,2020-11-01,10
778,2021-11-01,7
778,2022-11-01,8
778,2023-11-01,10
779,2017-11-01,10
779,2018-11-01,3
779,2019-11-01,3
779,2020-11-01,3
779,2021-11-01,5
779,2022-11-01,5
779,2023-11-01,4
780,2020-11-01,10
780,2021-11-01,9
780,2022-11-01,7
780,2023-11-01,7
781,2021-11-01,10
781,2022-11-01,10
781,2023-11-01,7
782,2017-11-01,7
782,2018-11-01,9
782,2019-11-01,7
782,2020-11-01,10
782,2021-11-01,10
782,2022-11-01,9
782,2023-11-01,9
783,2016-11-01,8
783,2017-11-01,9
783,2018-11-01,9
783,2019-11-01,9
783,2020-11-01,10
783,2021-11-01,7
783,2022-11-01,9
783,2023-11-01,7
784,2020-11-01,9
784,2021-11-01,8
784,2022-11-01,3
784,2023-11-01,5
785,2022-11-01,3
785,2023-11-01,4
786,2021-11-01,7
786,2022-11-01,7
786,2023-11-01,8
787,2017-11-01,8
787,2018-11-01,10
787,2019-11-01,9
787,2020-11-01,8
787,2021-11-01,9
787,2022-11-01,9
787,2023-11-01,8
788,2019-11-01,10
788,2020-11-01,7
788,2021-11-01,7
788,2022-11-01,9
788,2023-11-01,7
789,2021-11-01,7
789,2022-11-01,9
789,2023-11-01,5
790,2016-11-01,7
790,2017-11-01,5
790,2018-11-01,5
790,2019-11-01,4
790,2020-11-01,4
790,2021-11-01,5
790,2022-11-01,5
790,2023-11-01,3
791,2021-11-01,9
791,2022-11-01,8
791,2023-11-01,9
792,2018-11-01,7
792,2019-11-01,8
792,2020-11-01,3
792,2021-11-01,4
792,2022-11-01,5
792,2023-11-01,4
793,2021-11-01,8
793,2022-11-01,7
793,2023-11-01,10
794,2023-11-01,8
795,2020-11-01,9
795,2021-11-01,8
795,2022-11-01,8
795,2023-11-01,8
796,2015-11-01,8
796,2016-11-01,10
796,2017-11-01,7
796,2018-11-01,9
796,2019-11-01,9
796,2020-11-01,8
796,2021-11-01,9
796,2022-11-01,10
796,2023-11-01,10
797,2021-11-01,8
797,2022-11-01,8
797,2023-11-01,9
798,2015-11-01,8
798,2016-11-01,10
798,2017-11-01,10
798,2018-11-01,8
798,2019-11-01,9
798,2020-11-01,8
798,2021-11-01,10
798,2022-11-01,10
798,2023-11-01,10
799,2022-11-01,8
799,2023-11-01,4
800,2015-11-01,8
800,2016-11-01,7
800,2017-11-01,10
800,2018-11-01,8
800,2019-11-01,10
800,2020-11-01,8
800,2021-11-01,10
800,2022-11-01,10
800,2023-11-01,7
801,2020-11-01,9
801,2021-11-01,4
801,2022-11-01,4
801,2023-11-01,5
802,2020-11-01,7
802,2021-11-01,8
802,2022-11-01,5
802,2023-11-01,4
803,2020-11-01,3
803,2021-11-01,4
803,2022-11-01,3
803,2023-11-01,4
804,2015-11-01,5
804,2016-11-01,4
804,2017-11-01,4
804,2018-11-01,5
804,2019-11-01,5
804,2020-11-01,4
804,2021-11-01,4
804,2022-11-01,5
804,2023-11-01,3
805,2016-11-01,10
805,2017-11-01,8
805,2018-11-01,4
805,2019-11-01,5
805,2020-11-01,5
805,2021-11-01,3
805,2022-11-01,4
805,2023-11-01,3
806,2021-11-01,7
806,2022-11-01,10
806,2023-11-01,7
807,2021-11-01,10
807,2022-11-01,10
807,2023-11-01,5
808,2017-11-01,8
808,2018-11-01,4
808,2019-11-01,4
808,2020-11-01,5
808,2021-11-01,3
808,2022-11-01,5
808,2023-11-01,5
809,2021-11-01,8
809,2022-11-01,9
809,2023-11-01,7
810,2017-11-01,8
810,2018-11-01,3
810,2019-11-01,4
810,2020-11-01,5
810,2021-11-01,4
810,2022-11-01,5
810,2023-11-01,5
811,2023-11-01,8
812,2021-11-01,7
812,2022-11-01,9
812,2023-11-01,9
813,2017-11-01,7
813,2018-11-01,4
813,2019-11-01,3
813,2020-11-01,4
813,2021-11-01,5
813,2022-11-01,5
813,2023-11-01,4
814,2020-11-01,9
814,2021-11-01,9
814,2022-11-01,10
814,2023-11-01,8
815,2021-11-01,10
815,2022-11-01,10
815,2023-11-01,7
816,2015-11-01,8
816,2016-11-01,7
816,2017-11-01,10
816,2018-11-01,7
816,2019-11-01,9
816,2020-11-01,10
816,2021-11-01,7
816,2022-11-01,8
816,2023-11-01,7
817,2020-11-01,9
817,2021-11-01,8
817,2022-11-01,9
817,2023-11-01,7
818,2021-11-01,10
818,2022-11-01,10
818,2023-11-01,8
819,2021-11-01,7
819,2022-11-01,8
819,2023-11-01,8
820,2020-11-01,7
820,2021-11-01,8
820,2022-11-01,9
820,2023-11-01,10
821,2022-11-01,10
821,2023-11-01,9
822,2020-11-01,10
822,2021-11-01,8
822,2022-11-01,10
822,2023-11-01,8
823,2022-11-01,9
823,2023-11-01,5
824,2016-11-01,7
824,2017-11-01,5
824,2018-11-01,4
824,2019-11-01,5
824,2020-11-01,5
824,2021-11-01,4
824,2022-11-01,4
824,2023-11-01,5
825,2020-11-01,8
825,2021-11-01,9
825,2022-11-01,9
825,2023-11-01,10
826,2018-11-01,7
826,2019-11-01,7
826,2020-11-01,10
826,2021-11-01,9
826,2022-11-01,7
826,2023-11-01,9
827,2021-11-01,9
827,2022-11-01,9
827,2023-11-01,9
828,2022-11-01,3
828,2023-11-01,5
829,2022-11-01,9
829,2023-11-01,9
830,2021-11-01,8
830,2022-11-01,10
830,2023-11-01,4
831,2022-11-01,10
831,2023-11-01,10
832,2021-11-01,10
832,2022-11-01,10
832,2023-11-01,8
833,2018-11-01,8
833,2019-11-01,10
833,2020-11-01,10
833,2021-11-01,9
833,2022-11-01,8
833,2023-11-01,9
834,2017-11-01,10
834,2018-11-01,10
834,2019-11-01,8
834,2020-11-01,7
834,2021-11-01,9
834,2022-11-01,8
834,2023-11-01,10
835,2019-11-01,8
835,2020-11-01,7
835,2021-11-01,9
835,2022-11-01,9
835,2023-11-01,9
836,2015-11-01,7
836,2016-11-01,7
836,2017-11-01,8
836,2018-11-01,9
836,2019-11-01,8
836,2020-11-01,7
836,2021-11-01,9
836,2022-11-01,9
836,2023-11-01,9
837,2023-11-01,8
838,2020-11-01,8
838,2021-11-01,8
838,2022-11-01,9
838,2023-11-01,7
839,2022-11-01,9
839,2023-11-01,7
840,2021-11-01,7
840,2022-11-01,9
840,2023-11-01,7
841,2020-11-01,7
841,2021-11-01,9
841,2022-11-01,7
841,2023-11-01,9
842,2016-11-01,7
842,2017-11-01,8
842,2018-11-01,9
842,2019-11-01,10
842,2020-11-01,9
842,2021-11-01,9
842,2022-11-01,8
842,2023-11-01,9
843,2021-11-01,10
843,2022-11-01,9
843,2023-11-01,9
844,2020-11-01,9
844,2021-11-01,7
844,2022-11-01,7
844,2023-11-01,9
845,2020-11-01,8
845,2021-11-01,7
845,2022-11-01,8
845,2023-11-01,9
846,2019-11-01,7
846,2020-11-01,8
846,2021-11-01,10
846,2022-11-01,10
846,2023-11-01,9
847,2019-11-01,7
847,2020-11-01,9
847,2021-11-01,7
847,2022-11-01,8
847,2023-11-01,9
848,2021-11-01,9
848,2022-11-01,9
848,2023-11-01,5
849,2017-11-01,9
849,2018-11-01,8
849,2019-11-01,7
849,2020-11-01,10
849,2021-11-01,10
849,2022-11-01,8
849,2023-11-01,9
850,2020-11-01,9
850,2021-11-01,9
850,2022-11-01,8
850,2023-11-01,9
851,2017-11-01,9
851,2018-11-01,8
851,2019-11-01,7
851,2020-11-01,7
851,2021-11-01,7
851,2022-11-01,9
851,2023-11-01,9
852,2017-11-01,8
852,2018-11-01,7
852,2019-11-01,9
852,2020-11-01,7
852,2021-11-01,8
852,2022-11-01,8
852,2023-11-01,8
853,2021-11-01,10
853,2022-11-01,8
853,2023-11-01,9
854,2020-11-01,10
854,2021-11-01,9
854,2022-11-01,8
854,2023-11-01,10
855,2021-11-01,7
855,2022-11-01,10
855,2023-11-01,8
856,2020-11-01,10
856,2021-11-01,10
856,2022-11-01,10
856,2023-11-01,10
857,2020-11-01,9
857,2021-11-01,9
857,2022-11-01,7
857,2023-11-01,8
858,2017-11-01,9
858,2018-11-01,7
858,2019-11-01,8
858,2020-11-01,7
858,2021-11-01,10
858,2022-11-01,10
858,2023-11-01,9
859,2017-11-01,8
859,2018-11-01,10
859,2019-11-01,10
859,2020-11-01,7
859,2021-11-01,8
859,2022-11-01,7
859,2023-11-01,10
860,2021-11-01,9
860,2022-11-01,7
860,2023-11-01,9
861,2021-11-01,7
861,2022-11-01,7
861,2023-11-01,10
862,2017-11-01,7
862,2018-11-01,8
862,2019-11-01,8
862,2020-11-01,8
862,2021-11-01,9
862,2022-11-01,9
862,2023-11-01,7
863,2022-11-01,7
863,2023-11-01,9
864,2020-11-01,8
864,2021-11-01,9
864,2022-11-01,9
864,2023-11-01,7
865,2022-11-01,8
865,2023-11-01,8
866,2020-11-01,7
866,2021-11-01,9
866,2022-11-01,7
866,2023-11-01,9
867,2019-11-01,8
867,2020-11-01,10
867,2021-11-01,10
867,2022-11-01,7
867,2023-11-01,8
868,2021-11-01,10
868,2022-11-01,7
868,2023-11-01,8
869,2017-11-01,8
869,2018-11-01,5
869,2019-11-01,3
869,2020-11-01,5
869,2021-11-01,5
869,2022-11-01,3
869,2023-11-01,3
870,2017-11-01,10
870,2018-11-01,5
870,2019-11-01,3
870,2020-11-01,3
870,2021-11-01,5
870,2022-11-01,4
870,2023-11-01,4
871,2016-11-01,8
871,2017-11-01,10
871,2018-11-01,8
871,2019-11-01,10
871,2020-11-01,7
871,2021-11-01,7
871,2022-11-01,9
871,2023-11-01,7
872,2021-11-01,8
872,2022-11-01,8
872,2023-11-01,8
873,2021-11-01,8
873,2022-11-01,10
873,2023-11-01,7
874,2021-11-01,7
874,2022-11-01,9
874,2023-11-01,3
875,2017-11-01,10
875,2018-11-01,9
875,2019-11-01,3
875,2020-11-01,3
875,2021-11-01,4
875,2022-11-01,5
875,2023-11-01,4
876,2023-11-01,10
877,2021-11-01,9
877,2022-11-01,4
877,2023-11-01,3
878,2017-11-01,8
878,2018-11-01,8
878,2019-11-01,9
878,2020-11-01,7
878,2021-11-01,10
878,2022-11-01,8
878,2023-11-01,7
879,2023-11-01,10
880,2023-11-01,8
881,2020-11-01,8
881,2021-11-01,7
881,2022-11-01,8
881,2023-11-01,10
882,2015-11-01,10
882,2016-11-01,7
882,2017-11-01,7
882,2018-11-01,7
882,2019-11-01,7
882,2020-11-01,7
882,2021-11-01,10
882,2022-11-01,8
882,2023-11-01,7
883,2019-11-01,10
883,2020-11-01,3
883,2021-11-01,4
883,2022-11-01,5
883,2023-11-01,5
884,2015-11-01,10
884,2016-11-01,8
884,2017-11-01,10
884,2018-11-01,10
884,2019-11-01,10
884,2020-11-01,8
884,2021-11-01,9
884,2022-11-01,9
884,2023-11-01,9
885,2021-11-01,10
885,2022-11-01,7
885,2023-11-01,7
886,2020-11-01,7
886,2021-11-01,7
886,2022-11-01,8
886,2023-11-01,10
887,2021-11-01,7
887,2022-11-01,10
887,2023-11-01,7
888,2020-11-01,9
888,2021-11-01,8
888,2022-11-01,7
888,2023-11-01,9
889,2017-11-01,10
889,2018-11-01,10
889,2019-11-01,8
889,2020-11-01,9
889,2021-11-01,7
889,2022-11-01,10
889,2023-11-01,10
890,2020-11-01,8
890,2021-11-01,7
890,2022-11-01,7
890,2023-11-01,10
891,2021-11-01,10
891,2022-11-01,10
891,2023-11-01,8
892,2023-11-01,7
893,2022-11-01,5
893,2023-11-01,4
894,2022-11-01,10
894,2023-11-01,7
895,2021-11-01,8
895,2022-11-01,9
895,2023-11-01,7
896,2016-11-01,9
896,2017-11-01,9
896,2018-11-01,4
896,2019-11-01,4
896,2020-11-01,4
896,2021-11-01,3
896,2022-11-01,3
896,2023-11-01,3
897,2019-11-01,9
897,2020-11-01,9
897,2021-11-01,9
897,2022-11-01,7
897,2023-11-01,7
898,2021-11-01,7
898,2022-11-01,7
898,2023-11-01,9
899,2022-11-01,10
899,2023-11-01,7
900,2022-11-01,10
900,2023-11-01,10
901,2020-11-01,8
901,2021-11-01,7
901,2022-11-01,10
901,2023-11-01,7
902,2020-11-01,9
902,2021-11-01,8
902,2022-11-01,3
902,2023-11-01,5
903,2017-11-01,10
903,2018-11-01,7
903,2019-11-01,9
903,2020-11-01,7
903,2021-11-01,9
903,2022-11-01,9
903,2023-11-01,10
904,2019-11-01,8
904,2020-11-01,7
904,2021-11-01,10
904,2022-11-01,7
904,2023-11-01,9
905,2023-11-01,10
906,2023-11-01,7
907,2021-11-01,8
907,2022-11-01,10
907,2023-11-01,7
908,2022-11-01,10
908,2023-11-01,9
909,2020-11-01,8
909,2021-11-01,10
909,2022-11-01,10
909,2023-11-01,5
910,2016-11-01,7
910,2017-11-01,8
910,2018-11-01,9
910,2019-11-01,10
910,2020-11-01,10
910,2021-11-01,7
910,2022-11-01,10
910,2023-11-01,8
911,2021-11-01,10
911,2022-11-01,9
911,2023-11-01,8
912,2023-11-01,10
913,2022-11-01,10
913,2023-11-01,7
914,2021-11-01,10
914,2022-11-01,8
914,2023-11-01,7
915,2019-11-01,7
915,2020-11-01,10
915,2021-11-01,7
915,2022-11-01,7
915,2023-11-01,10
916,2016-11-01,7
916,2017-11-01,10
916,2018-11-01,8
916,2019-11-01,8
916,2020-11-01,9
916,2021-11-01,8
916,2022-11-01,10
916,2023-11-01,8
917,2016-11-01,9
917,2017-11-01,8
917,2018-11-01,8
917,2019-11-01,7
917,2020-11-01,10
917,2021-11-01,9
917,2022-11-01,10
917,2023-11-01,10
918,2021-11-01,8
918,2022-11-01,7
918,2023-11-01,8
919,2020-11-01,7
919,2021-11-01,7
919,2022-11-01,8
919,2023-11-01,9
920,2017-11-01,9
920,2018-11-01,8
920,2019-11-01,7
920,2020-11-01,9
920,2021-11-01,8
920,2022-11-01,8
920,2023-11-01,10
921,2020-11-01,7
921,2021-11-01,9
921,2022-11-01,9
921,2023-11-01,10
922,2020-11-01,9
922,2021-11-01,3
922,2022-11-01,4
922,2023-11-01,3
923,2021-11-01,9
923,2022-11-01,10
923,2023-11-01,10
924,2019-11-01,7
924,2020-11-01,8
924,2021-11-01,9
924,2022-11-01,7
924,2023-11-01,10
925,2021-11-01,9
925,2022-11-01,10
925,2023-11-01,8
926,2021-11-01,10
926,2022-11-01,9
926,2023-11-01,8
927,2021-11-01,7
927,2022-11-01,5
927,2023-11-01,5
928,2021-11-01,8
928,2022-11-01,7
928,2023-11-01,8
929,2023-11-01,10
930,2016-11-01,10
930,2017-11-01,10
930,2018-11-01,8
930,2019-11-01,10
930,2020-11-01,10
930,2021-11-01,10
930,2022-11-01,7
930,2023-11-01,10
931,2021-11-01,10
931,2022-11-01,10
931,2023-11-01,7
932,2022-11-01,7
932,2023-11-01,10
933,2020-11-01,10
933,2021-11-01,10
933,2022-11-01,10
933,2023-11-01,9
934,2021-11-01,9
934,2022-11-01,7
934,2023-11-01,9
935,2023-11-01,7
936,2023-11-01,7
937,2022-11-01,8
937,2023-11-01,8
938,2022-11-01,9
938,2023-11-01,9
939,2020-11-01,8
939,2021-11-01,8
939,2022-11-01,10
939,2023-11-01,8
940,2022-11-01,10
940,2023-11-01,10
941,2015-11-01,4
941,2016-11-01,4
941,2017-11-01,4
941,2018-11-01,3
941,2019-11-01,5
941,2020-11-01,3
941,2021-11-01,5
941,2022-11-01,4
941,2023-11-01,3
942,2021-11-01,7
942,2022-11-01,8
942,2023-11-01,8
943,2016-11-01,10
943,2017-11-01,9
943,2018-11-01,8
943,2019-11-01,4
943,2020-11-01,5
943,2021-11-01,3
943,2022-11-01,5
943,2023-11-01,3
944,2021-11-01,7
944,2022-11-01,8
944,2023-11-01,8
945,2015-11-01,7
945,2016-11-01,8
945,2017-11-01,10
945,2018-11-01,8
945,2019-11-01,9
945,2020-11-01,8
945,2021-11-01,7
945,2022-11-01,9
945,2023-11-01,8
946,2022-11-01,7
946,2023-11-01,9
947,2020-11-01,10
947,2021-11-01,8
947,2022-11-01,8
947,2023-11-01,10
948,2020-11-01,9
948,2021-11-01,8
948,2022-11-01,10
948,2023-11-01,8
949,2021-11-01,8
949,2022-11-01,7
949,2023-11-01,7
950,2016-11-01,9
950,2017-11-01,9
950,2018-11-01,9
950,2019-11-01,9
950,2020-11-01,9
950,2021-11-01,7
950,2022-11-01,9
950,2023-11-01,10
951,2016-11-01,7
951,2017-11-01,10
951,2018-11-01,4
951,2019-11-01,3
951,2020-11-01,4
951,2021-11-01,4
951,2022-11-01,5
951,2023-11-01,5
952,2017-11-01,8
952,2018-11-01,10
952,2019-11-01,7
952,2020-11-01,5
952,2021-11-01,5
952,2022-11-01,4
952,2023-11-01,4
953,2022-11-01,10
953,2023-11-01,10
954,2022-11-01,9
954,2023-11-01,9
955,2020-11-01,8
955,2021-11-01,8
955,2022-11-01,9
955,2023-11-01,8
956,2021-11-01,9
956,2022-11-01,7
956,2023-11-01,7
957,2017-11-01,10
957,2018-11-01,8
957,2019-11-01,10
957,2020-11-01,8
957,2021-11-01,7
957,2022-11-01,10
957,2023-11-01,9
958,2022-11-01,7
958,2023-11-01,9
959,2020-11-01,9
959,2021-11-01,7
959,2022-11-01,3
959,2023-11-01,5
960,2021-11-01,7
960,2022-11-01,10
960,2023-11-01,9
961,2022-11-01,10
961,2023-11-01,10
962,2021-11-01,10
962,2022-11-01,9
962,2023-11-01,7
963,2022-11-01,9
963,2023-11-01,8
964,2020-11-01,10
964,2021-11-01,10
964,2022-11-01,8
964,2023-11-01,4
965,2021-11-01,10
965,2022-11-01,9
965,2023-11-01,4
966,2022-11-01,7
966,2023-11-01,10
967,2021-11-01,7
967,2022-11-01,9
967,2023-11-01,10
968,2020-11-01,10
968,2021-11-01,8
968,2022-11-01,8
968,2023-11-01,7
969,2020-11-01,9
969,2021-11-01,10
969,2022-11-01,5
969,2023-11-01,5
970,2021-11-01,10
970,2022-11-01,7
970,2023-11-01,3
971,2021-11-01,7
971,2022-11-01,10
971,2023-11-01,7
972,2020-11-01,10
972,2021-11-01,7
972,2022-11-01,10
972,2023-11-01,10
973,2016-11-01,8
973,2017-11-01,10
973,2018-11-01,9
973,2019-11-01,8
973,2020-11-01,10
973,2021-11-01,8
973,2022-11-01,7
973,2023-11-01,8
974,2021-11-01,8
974,2022-11-01,8
974,2023-11-01,7
975,2021-11-01,8
975,2022-11-01,8
975,2023-11-01,7
976,2018-11-01,8
976,2019-11-01,9
976,2020-11-01,9
976,2021-11-01,10
976,2022-11-01,7
976,2023-11-01,9
977,2023-11-01,8
978,2023-11-01,9
979,2023-11-01,8
980,2022-11-01,8
980,2023-11-01,7
981,2017-11-01,10
981,2018-11-01,10
981,2019-11-01,9
981,2020-11-01,9
981,2021-11-01,7
981,2022-11-01,10
981,2023-11-01,7
982,2016-11-01,9
982,2017-11-01,7
982,2018-11-01,3
982,2019-11-01,4
982,2020-11-01,4
982,2021-11-01,3
982,2022-11-01,3
982,2023-11-01,4
983,2021-11-01,8
983,2022-11-01,8
983,2023-11-01,3
984,2018-11-01,7
984,2019-11-01,7
984,2020-11-01,9
984,2021-11-01,7
984,2022-11-01,10
984,2023-11-01,10
985,2018-11-01,8
985,2019-11-01,9
985,2020-11-01,7
985,2021-11-01,8
985,2022-11-01,8
985,2023-11-01,8
986,2021-11-01,7
986,2022-11-01,9
986,2023-11-01,9
987,2021-11-01,8
987,2022-11-01,8
987,2023-11-01,9
988,2021-11-01,7
988,2022-11-01,9
988,2023-11-01,10
989,2020-11-01,10
989,2021-11-01,8
989,2022-11-01,7
989,2023-11-01,8
990,2020-11-01,8
990,2021-11-01,7
990,2022-11-01,9
990,2023-11-01,7
991,2022-11-01,10
991,2023-11-01,7
992,2021-11-01,9
992,2022-11-01,7
992,2023-11-01,9
993,2020-11-01,10
993,2021-11-01,8
993,2022-11-01,10
993,2023-11-01,9
994,2019-11-01,8
994,2020-11-01,8
994,2021-11-01,8
994,2022-11-01,9
994,2023-11-01,10
995,2021-11-01,9
995,2022-11-01,8
995,2023-11-01,7
996,2021-11-01,10
996,2022-11-01,10
996,2023-11-01,10
997,2021-11-01,9
997,2022-11-01,10
997,2023-11-01,7
998,2020-11-01,8
998,2021-11-01,10
998,2022-11-01,7
998,2023-11-01,9
999,2020-11-01,8
999,2021-11-01,10
999,2022-11-01,8
999,2023-11-01,7
1000,2022-11-01,8
1000,2023-11-01,8
1001,2020-11-01,9
1001,2021-11-01,8
1001,2022-11-01,9
1001,2023-11-01,7
1002,2022-11-01,7
1002,2023-11-01,9
1003,2019-11-01,8
1003,2020-11-01,10
1003,2021-11-01,8
1003,2022-11-01,8
1003,2023-11-01,9
1004,2021-11-01,9
1004,2022-11-01,9
1004,2023-11-01,8
1005,2021-11-01,10
1005,2022-11-01,10
1005,2023-11-01,10
1006,2019-11-01,8
1006,2020-11-01,4
1006,2021-11-01,4
1006,2022-11-01,4
1006,2023-11-01,3
1007,2023-11-01,10
1008,2023-11-01,8
1009,2021-11-01,10
1009,2022-11-01,7
1009,2023-11-01,9
1010,2021-11-01,9
1010,2022-11-01,7
1010,2023-11-01,9
1011,2021-11-01,8
1011,2022-11-01,9
1011,2023-11-01,10
1012,2020-11-01,9
1012,2021-11-01,7
1012,2022-11-01,4
1012,2023-11-01,4
1013,2020-11-01,10
1013,2021-11-01,7
1013,2022-11-01,9
1013,2023-11-01,5
1014,2022-11-01,7
1014,2023-11-01,9
1015,2021-11-01,10
1015,2022-11-01,10
1015,2023-11-01,4
1016,2019-11-01,7
1016,2020-11-01,9
1016,2021-11-01,7
1016,2022-11-01,7
1016,2023-11-01,9
1017,2021-11-01,8
1017,2022-11-01,7
1017,2023-11-01,9
1018,2021-11-01,9
1018,2022-11-01,8
1018,2023-11-01,10
1019,2020-11-01,7
1019,2021-11-01,8
1019,2022-11-01,4
1019,2023-11-01,3
1020,2022-11-01,9
1020,2023-11-01,8
1021,2020-11-01,7
1021,2021-11-01,10
1021,2022-11-01,9
1021,2023-11-01,7
1022,2021-11-01,7
1022,2022-11-01,10
1022,2023-11-01,8
1023,2020-11-01,7
1023,2021-11-01,9
1023,2022-11-01,7
1023,2023-11-01,7
1024,2021-11-01,10
1024,2022-11-01,7
1024,2023-11-01,7
1025,2022-11-01,7
1025,2023-11-01,8
1026,2021-11-01,10
1026,2022-11-01,7
1026,2023-11-01,7
1027,2023-11-01,7
1028,2021-11-01,10
1028,2022-11-01,9
1028,2023-11-01,9
1029,2016-11-01,9
1029,2017-11-01,9
1029,2018-11-01,10
1029,2019-11-01,10
1029,2020-11-01,10
1029,2021-11-01,9
1029,2022-11-01,7
1029,2023-11-01,10
1030,2021-11-01,10
1030,2022-11-01,10
1030,2023-11-01,7
1031,2018-11-01,7
1031,2019-11-01,7
1031,2020-11-01,10
1031,2021-11-01,9
1031,2022-11-01,7
1031,2023-11-01,7
1032,2023-11-01,7
1033,2017-11-01,8
1033,2018-11-01,8
1033,2019-11-01,8
1033,2020-11-01,8
1033,2021-11-01,9
1033,2022-11-01,8
1033,2023-11-01,10
1034,2023-11-01,9
1035,2017-11-01,7
1035,2018-11-01,7
1035,2019-11-01,8
1035,2020-11-01,10
1035,2021-11-01,7
1035,2022-11-01,7
1035,2023-11-01,7
1036,2023-11-01,9
1037,2022-11-01,9
1037,2023-11-01,9
1038,2023-11-01,9
1039,2022-11-01,9
1039,2023-11-01,7
1040,2020-11-01,9
1040,2021-11-01,8
1040,2022-11-01,7
1040,2023-11-01,8
1041,2020-11-01,10
1041,2021-11-01,9
1041,2022-11-01,8
1041,2023-11-01,9
1042,2023-11-01,9
1043,2021-11-01,10
1043,2022-11-01,9
1043,2023-11-01,10
1044,2023-11-01,7
1045,2023-11-01,10
1046,2021-11-01,9
1046,2022-11-01,8
1046,2023-11-01,8
1047,2022-11-01,10
1047,2023-11-01,9
1048,2016-11-01,9
1048,2017-11-01,8
1048,2018-11-01,7
1048,2019-11-01,7
1048,2020-11-01,8
1048,2021-11-01,10
1048,2022-11-01,7
1048,2023-11-01,9
1049,2021-11-01,9
1049,2022-11-01,3
1049,2023-11-01,5
1050,2023-11-01,9
1051,2020-11-01,9
1051,2021-11-01,7
1051,2022-11-01,9
1051,2023-11-01,10
1052,2018-11-01,10
1052,2019-11-01,7
1052,2020-11-01,9
1052,2021-11-01,7
1052,2022-11-01,7
1052,2023-11-01,9
1053,2020-11-01,9
1053,2021-11-01,10
1053,2022-11-01,7
1053,2023-11-01,7
1054,2015-11-01,9
1054,2016-11-01,8
1054,2017-11-01,7
1054,2018-11-01,9
1054,2019-11-01,9
1054,2020-11-01,9
1054,2021-11-01,9
1054,2022-11-01,8
1054,2023-11-01,7
1055,2017-11-01,7
1055,2018-11-01,9
1055,2019-11-01,10
1055,2020-11-01,8
1055,2021-11-01,9
1055,2022-11-01,10
1055,2023-11-01,9
1056,2022-11-01,8
1056,2023-11-01,7
1057,2023-11-01,8
1058,2020-11-01,8
1058,2021-11-01,4
1058,2022-11-01,5
1058,2023-11-01,3
1059,2022-11-01,7
1059,2023-11-01,9
1060,2023-11-01,8
1061,2021-11-01,9
1061,2022-11-01,9
1061,2023-11-01,8
1062,2020-11-01,8
1062,2021-11-01,10
1062,2022-11-01,9
1062,2023-11-01,7
1063,2017-11-01,8
1063,2018-11-01,7
1063,2019-11-01,10
1063,2020-11-01,9
1063,2021-11-01,7
1063,2022-11-01,9
1063,2023-11-01,9
1064,2020-11-01,9
1064,2021-11-01,10
1064,2022-11-01,9
1064,2023-11-01,9
1065,2015-11-01,9
1065,2016-11-01,10
1065,2017-11-01,7
1065,2018-11-01,8
1065,2019-11-01,7
1065,2020-11-01,7
1065,2021-11-01,8
1065,2022-11-01,9
1065,2023-11-01,7
1066,2023-11-01,8
1067,2021-11-01,8
1067,2022-11-01,10
1067,2023-11-01,10
1068,2021-11-01,8
1068,2022-11-01,8
1068,2023-11-01,9
1069,2015-11-01,7
1069,2016-11-01,8
1069,2017-11-01,3
1069,2018-11-01,5
1069,2019-11-01,4
1069,2020-11-01,3
1069,2021-11-01,5
1069,2022-11-01,5
1069,2023-11-01,5
1070,2020-11-01,9
1070,2021-11-01,7
1070,2022-11-01,10
1070,2023-11-01,9
1071,2020-11-01,7
1071,2021-11-01,7
1071,2022-11-01,7
1071,2023-11-01,8
1072,2023-11-01,10
1073,2016-11-01,7
1073,2017-11-01,9
1073,2018-11-01,9
1073,2019-11-01,9
1073,2020-11-01,9
1073,2021-11-01,9
1073,2022-11-01,7
1073,2023-11-01,7
1074,2023-11-01,8
1075,2022-11-01,7
1075,2023-11-01,7
1076,2019-11-01,9
1076,2020-11-01,9
1076,2021-11-01,9
1076,2022-11-01,10
1076,2023-11-01,7
1077,2022-11-01,9
1077,2023-11-01,9
1078,2020-11-01,5
1078,2021-11-01,5
1078,2022-11-01,4
1078,2023-11-01,3
1079,2022-11-01,10
1079,2023-11-01,8
1080,2019-11-01,8
1080,2020-11-01,8
1080,2021-11-01,8
1080,2022-11-01,9
1080,2023-11-01,8
1081,2016-11-01,7
1081,2017-11-01,7
1081,2018-11-01,5
1081,2019-11-01,3
1081,2020-11-01,3
1081,2021-11-01,5
1081,2022-11-01,4
1081,2023-11-01,4
1082,2020-11-01,7
1082,2021-11-01,10
1082,2022-11-01,9
1082,2023-11-01,5
1083,2020-11-01,8
1083,2021-11-01,10
1083,2022-11-01,7
1083,2023-11-01,4
1084,2021-11-01,3
1084,2022-11-01,4
1084,2023-11-01,3
1085,2023-11-01,8
1086,2016-11-01,10
1086,2017-11-01,8
1086,2018-11-01,7
1086,2019-11-01,7
1086,2020-11-01,7
1086,2021-11-01,10
1086,2022-11-01,7
1086,2023-11-01,10
1087,2020-11-01,10
1087,2021-11-01,10
1087,2022-11-01,10
1087,2023-11-01,10
1088,2017-11-01,9
1088,2018-11-01,9
1088,2019-11-01,7
1088,2020-11-01,8
1088,2021-11-01,10
1088,2022-11-01,8
1088,2023-11-01,9
1089,2017-11-01,10
1089,2018-11-01,7
1089,2019-11-01,8
1089,2020-11-01,8
1089,2021-11-01,10
1089,2022-11-01,9
1089,2023-11-01,8
1090,2021-11-01,7
1090,2022-11-01,7
1090,2023-11-01,10
1091,2020-11-01,8
1091,2021-11-01,10
1091,2022-11-01,7
1091,2023-11-01,10
1092,2021-11-01,7
1092,2022-11-01,4
1092,2023-11-01,4
1093,2017-11-01,9
1093,2018-11-01,10
1093,2019-11-01,8
1093,2020-11-01,8
1093,2021-11-01,10
1093,2022-11-01,8
1093,2023-11-01,10
1094,2017-11-01,7
1094,2018-11-01,7
1094,2019-11-01,7
1094,2020-11-01,7
1094,2021-11-01,9
1094,2022-11-01,10
1094,2023-11-01,7
1095,2023-11-01,7
1096,2017-11-01,10
1096,2018-11-01,7
1096,2019-11-01,9
1096,2020-11-01,7
1096,2021-11-01,9
1096,2022-11-01,7
1096,2023-11-01,8
1097,2023-11-01,7
1098,2022-11-01,9
1098,2023-11-01,7
1099,2020-11-01,10
1099,2021-11-01,8
1099,2022-11-01,9
1099,2023-11-01,8
1100,2022-11-01,8
1100,2023-11-01,7
1101,2015-11-01,8
1101,2016-11-01,9
1101,2017-11-01,9
1101,2018-11-01,7
1101,2019-11-01,8
1101,2020-11-01,7
1101,2021-11-01,7
1101,2022-11-01,10
1101,2023-11-01,7
1102,2018-11-01,8
1102,2019-11-01,10
1102,2020-11-01,7
1102,2021-11-01,9
1102,2022-11-01,9
1102,2023-11-01,8
1103,2016-11-01,9
1103,2017-11-01,8
1103,2018-11-01,10
1103,2019-11-01,7
1103,2020-11-01,7
1103,2021-11-01,9
1103,2022-11-01,8
1103,2023-11-01,10
1104,2016-11-01,9
1104,2017-11-01,9
1104,2018-11-01,8
1104,2019-11-01,8
1104,2020-11-01,9
1104,2021-11-01,10
1104,2022-11-01,8
1104,2023-11-01,9
1105,2017-11-01,9
1105,2018-11-01,8
1105,2019-11-01,9
1105,2020-11-01,7
1105,2021-11-01,8
1105,2022-11-01,8
1105,2023-11-01,8
1106,2023-11-01,10
1107,2022-11-01,7
1107,2023-11-01,10
1108,2022-11-01,8
1108,2023-11-01,10
1109,2022-11-01,7
1109,2023-11-01,10
1110,2023-11-01,10
1111,2023-11-01,9
1112,2020-11-01,8
1112,2021-11-01,10
1112,2022-11-01,9
1112,2023-11-01,8
1113,2021-11-01,7
1113,2022-11-01,7
1113,2023-11-01,9
1114,2023-11-01,8
1115,2021-11-01,10
1115,2022-11-01,8
1115,2023-11-01,10
1116,2021-11-01,10
1116,2022-11-01,10
1116,2023-11-01,9
1117,2023-11-01,8
1118,2015-11-01,7
1118,2016-11-01,5
1118,2017-11-01,5
1118,2018-11-01,3
1118,2019-11-01,5
1118,2020-11-01,4
1118,2021-11-01,3
1118,2022-11-01,5
1118,2023-11-01,3
1119,2021-11-01,9
1119,2022-11-01,8
1119,2023-11-01,9
1120,2021-11-01,10
1120,2022-11-01,7
1120,2023-11-01,10
1121,2023-11-01,9
1122,2019-11-01,8
1122,2020-11-01,8
1122,2021-11-01,9
1122,2022-11-01,8
1122,2023-11-01,7
1123,2021-11-01,4
1123,2022-11-01,5
1123,2023-11-01,4
1124,2017-11-01,10
1124,2018-11-01,7
1124,2019-11-01,9
1124,2020-11-01,9
1124,2021-11-01,7
1124,2022-11-01,10
1124,2023-11-01,7
1125,2015-11-01,10
1125,2016-11-01,8
1125,2017-11-01,7
1125,2018-11-01,8
1125,2019-11-01,10
1125,2020-11-01,8
1125,2021-11-01,10
1125,2022-11-01,7
1125,2023-11-01,9
1126,2021-11-01,7
1126,2022-11-01,9
1126,2023-11-01,7
1127,2021-11-01,10
1127,2022-11-01,9
1127,2023-11-01,8
1128,2017-11-01,9
1128,2018-11-01,10
1128,2019-11-01,7
1128,2020-11-01,8
1128,2021-11-01,10
1128,2022-11-01,10
1128,2023-11-01,8
1129,2018-11-01,8
1129,2019-11-01,9
1129,2020-11-01,9
1129,2021-11-01,10
1129,2022-11-01,9
1129,2023-11-01,7
1130,2020-11-01,7
1130,2021-11-01,7
1130,2022-11-01,8
1130,2023-11-01,7
1131,2023-11-01,9
1132,2023-11-01,10
1133,2022-11-01,10
1133,2023-11-01,9
1134,2016-11-01,8
1134,2017-11-01,8
1134,2018-11-01,8
1134,2019-11-01,9
1134,2020-11-01,8
1134,2021-11-01,7
1134,2022-11-01,10
1134,2023-11-01,9
1135,2022-11-01,10
1135,2023-11-01,7
1136,2023-11-01,9
1137,2015-11-01,9
1137,2016-11-01,7
1137,2017-11-01,7
1137,2018-11-01,7
1137,2019-11-01,7
1137,2020-11-01,10
1137,2021-11-01,10
1137,2022-11-01,7
1137,2023-11-01,9
1138,2023-11-01,10
1139,2021-11-01,9
1139,2022-11-01,7
1139,2023-11-01,10
1140,2016-11-01,10
1140,2017-11-01,9
1140,2018-11-01,10
1140,2019-11-01,8
1140,2020-11-01,7
1140,2021-11-01,8
1140,2022-11-01,9
1140,2023-11-01,9
1141,2020-11-01,7
1141,2021-11-01,10
1141,2022-11-01,9
1141,2023-11-01,8
1142,2020-11-01,7
1142,2021-11-01,10
1142,2022-11-01,4
1142,2023-11-01,4
1143,2016-11-01,9
1143,2017-11-01,8
1143,2018-11-01,7
1143,2019-11-01,10
1143,2020-11-01,8
1143,2021-11-01,8
1143,2022-11-01,10
1143,2023-11-01,8
1144,2020-11-01,10
1144,2021-11-01,10
1144,2022-11-01,10
1144,2023-11-01,8
1145,2020-11-01,9
1145,2021-11-01,8
1145,2022-11-01,9
1145,2023-11-01,8
1146,2021-11-01,7
1146,2022-11-01,8
1146,2023-11-01,9
1147,2021-11-01,7
1147,2022-11-01,7
1147,2023-11-01,7
1148,2021-11-01,8
1148,2022-11-01,10
1148,2023-11-01,9
1149,2021-11-01,9
1149,2022-11-01,8
1149,2023-11-01,8
1150,2017-11-01,9
1150,2018-11-01,3
1150,2019-11-01,5
1150,2020-11-01,4
1150,2021-11-01,4
1150,2022-11-01,3
1150,2023-11-01,3
1151,2020-11-01,5
1151,2021-11-01,3
1151,2022-11-01,4
1151,2023-11-01,5
1152,2023-11-01,9
1153,2020-11-01,7
1153,2021-11-01,3
1153,2022-11-01,3
1153,2023-11-01,5
1154,2020-11-01,9
1154,2021-11-01,10
1154,2022-11-01,8
1154,2023-11-01,7
1155,2020-11-01,8
1155,2021-11-01,7
1155,2022-11-01,7
1155,2023-11-01,7
1156,2020-11-01,9
1156,2021-11-01,9
1156,2022-11-01,9
1156,2023-11-01,8
1157,2021-11-01,7
1157,2022-11-01,7
1157,2023-11-01,8
1158,2022-11-01,8
1158,2023-11-01,9
1159,2016-11-01,7
1159,2017-11-01,9
1159,2018-11-01,9
1159,2019-11-01,8
1159,2020-11-01,7
1159,2021-11-01,9
1159,2022-11-01,9
1159,2023-11-01,8
1160,2023-11-01,10
1161,2021-11-01,7
1161,2022-11-01,7
1161,2023-11-01,8
1162,2021-11-01,8
1162,2022-11-01,9
1162,2023-11-01,9
1163,2021-11-01,8
1163,2022-11-01,10
1163,2023-11-01,7
1164,2021-11-01,10
1164,2022-11-01,8
1164,2023-11-01,10
1165,2022-11-01,10
1165,2023-11-01,10
1166,2022-11-01,8
1166,2023-11-01,10
1167,2017-11-01,10
1167,2018-11-01,10
1167,2019-11-01,10
1167,2020-11-01,7
1167,2021-11-01,10
1167,2022-11-01,8
1167,2023-11-01,10
1168,2022-11-01,8
1168,2023-11-01,9
1169,2020-11-01,7
1169,2021-11-01,9
1169,2022-11-01,7
1169,2023-11-01,7
1170,2018-11-01,7
1170,2019-11-01,10
1170,2020-11-01,9
1170,2021-11-01,4
1170,2022-11-01,5
1170,2023-11-01,5
1171,2017-11-01,10
1171,2018-11-01,8
1171,2019-11-01,8
1171,2020-11-01,9
1171,2021-11-01,8
1171,2022-11-01,8
1171,2023-11-01,8
1172,2021-11-01,10
1172,2022-11-01,7
1172,2023-11-01,7
1173,2023-11-01,8
1174,2020-11-01,7
1174,2021-11-01,10
1174,2022-11-01,7
1174,2023-11-01,10
1175,2021-11-01,5
1175,2022-11-01,3
1175,2023-11-01,3
1176,2021-11-01,10
1176,2022-11-01,5
1176,2023-11-01,3
1177,2016-11-01,8
1177,2017-11-01,8
1177,2018-11-01,10
1177,2019-11-01,10
1177,2020-11-01,7
1177,2021-11-01,9
1177,2022-11-01,8
1177,2023-11-01,8
1178,2017-11-01,9
1178,2018-11-01,4
1178,2019-11-01,3
1178,2020-11-01,3
1178,2021-11-01,4
1178,2022-11-01,4
1178,2023-11-01,4
1179,2021-11-01,8
1179,2022-11-01,9
1179,2023-11-01,7
1180,2020-11-01,7
1180,2021-11-01,9
1180,2022-11-01,10
1180,2023-11-01,10
1181,2020-11-01,10
1181,2021-11-01,7
1181,2022-11-01,7
1181,2023-11-01,8
1182,2020-11-01,8
1182,2021-11-01,9
1182,2022-11-01,9
1182,2023-11-01,7
1183,2015-11-01,10
1183,2016-11-01,7
1183,2017-11-01,10
1183,2018-11-01,10
1183,2019-11-01,9
1183,2020-11-01,10
1183,2021-11-01,8
1183,2022-11-01,10
1183,2023-11-01,9
1184,2021-11-01,8
1184,2022-11-01,3
1184,2023-11-01,4
1185,2021-11-01,8
1185,2022-11-01,7
1185,2023-11-01,4
1186,2021-11-01,9
1186,2022-11-01,8
1186,2023-11-01,10
1187,2017-11-01,7
1187,2018-11-01,10
1187,2019-11-01,10
1187,2020-11-01,7
1187,2021-11-01,9
1187,2022-11-01,8
1187,2023-11-01,9
1188,2020-11-01,8
1188,2021-11-01,3
1188,2022-11-01,5
1188,2023-11-01,4
1189,2021-11-01,9
1189,2022-11-01,10
1189,2023-11-01,7
1190,2017-11-01,8
1190,2018-11-01,7
1190,2019-11-01,7
1190,2020-11-01,7
1190,2021-11-01,8
1190,2022-11-01,7
1190,2023-11-01,8
1191,2020-11-01,9
1191,2021-11-01,9
1191,2022-11-01,8
1191,2023-11-01,8
1192,2022-11-01,8
1192,2023-11-01,5
1193,2022-11-01,7
1193,2023-11-01,8
1194,2023-11-01,9
1195,2017-11-01,9
1195,2018-11-01,8
1195,2019-11-01,10
1195,2020-11-01,9
1195,2021-11-01,8
1195,2022-11-01,8
1195,2023-11-01,10
1196,2021-11-01,7
1196,2022-11-01,9
1196,2023-11-01,9
1197,2020-11-01,7
1197,2021-11-01,7
1197,2022-11-01,8
1197,2023-11-01,9
1198,2023-11-01,10
1199,2017-11-01,8
1199,2018-11-01,8
1199,2019-11-01,10
1199,2020-11-01,8
1199,2021-11-01,8
1199,2022-11-01,7
1199,2023-11-01,10
1200,2023-11-01,8
1201,2020-11-01,7
1201,2021-11-01,8
1201,2022-11-01,8
1201,2023-11-01,7
1202,2021-11-01,9
1202,2022-11-01,8
1202,2023-11-01,9
1203,2015-11-01,8
1203,2016-11-01,7
1203,2017-11-01,8
1203,2018-11-01,9
1203,2019-11-01,8
1203,2020-11-01,9
1203,2021-11-01,9
1203,2022-11-01,9
1203,2023-11-01,10
1204,2020-11-01,8
1204,2021-11-01,9
1204,2022-11-01,9
1204,2023-11-01,7
1205,2021-11-01,8
1205,2022-11-01,7
1205,2023-11-01,7
1206,2020-11-01,10
1206,2021-11-01,9
1206,2022-11-01,9
1206,2023-11-01,10
1207,2020-11-01,7
1207,2021-11-01,10
1207,2022-11-01,3
1207,2023-11-01,4
1208,2021-11-01,8
1208,2022-11-01,10
1208,2023-11-01,9
1209,2020-11-01,9
1209,2021-11-01,8
1209,2022-11-01,8
1209,2023-11-01,7
1210,2018-11-01,9
1210,2019-11-01,9
1210,2020-11-01,7
1210,2021-11-01,10
1210,2022-11-01,7
1210,2023-11-01,8
1211,2020-11-01,10
1211,2021-11-01,9
1211,2022-11-01,8
1211,2023-11-01,8
1212,2021-11-01,10
1212,2022-11-01,7
1212,2023-11-01,9
1213,2015-11-01,5
1213,2016-11-01,5
1213,2017-11-01,5
1213,2018-11-01,5
1213,2019-11-01,3
1213,2020-11-01,4
1213,2021-11-01,5
1213,2022-11-01,5
1213,2023-11-01,4
1214,2019-11-01,9
1214,2020-11-01,8
1214,2021-11-01,10
1214,2022-11-01,10
1214,2023-11-01,10
1215,2022-11-01,9
1215,2023-11-01,10
1216,2021-11-01,8
1216,2022-11-01,9
1216,2023-11-01,8
1217,2022-11-01,9
1217,2023-11-01,7
1218,2023-11-01,9
1219,2017-11-01,7
1219,2018-11-01,9
1219,2019-11-01,10
1219,2020-11-01,10
1219,2021-11-01,9
1219,2022-11-01,10
1219,2023-11-01,9
1220,2022-11-01,9
1220,2023-11-01,7
1221,2023-11-01,10
1222,2020-11-01,10
1222,2021-11-01,9
1222,2022-11-01,7
1222,2023-11-01,9
1223,2017-11-01,9
1223,2018-11-01,9
1223,2019-11-01,9
1223,2020-11-01,7
1223,2021-11-01,9
1223,2022-11-01,10
1223,2023-11-01,7
1224,2021-11-01,8
1224,2022-11-01,8
1224,2023-11-01,9
1225,2022-11-01,8
1225,2023-11-01,7
1226,2022-11-01,8
1226,2023-11-01,8
1227,2019-11-01,7
1227,2020-11-01,7
1227,2021-11-01,8
1227,2022-11-01,8
1227,2023-11-01,7
1228,2017-11-01,7
1228,2018-11-01,8
1228,2019-11-01,9
1228,2020-11-01,4
1228,2021-11-01,5
1228,2022-11-01,3
1228,2023-11-01,3
1229,2021-11-01,8
1229,2022-11-01,10
1229,2023-11-01,7
1230,2023-11-01,7
1231,2022-11-01,10
1231,2023-11-01,8
1232,2020-11-01,7
1232,2021-11-01,9
1232,2022-11-01,10
1232,2023-11-01,7
1233,2020-11-01,8
1233,2021-11-01,8
1233,2022-11-01,10
1233,2023-11-01,8
1234,2022-11-01,7
1234,2023-11-01,7
1235,2021-11-01,9
1235,2022-11-01,7
1235,2023-11-01,8
1236,2021-11-01,9
1236,2022-11-01,7
1236,2023-11-01,7
1237,2016-11-01,7
1237,2017-11-01,3
1237,2018-11-01,4
1237,2019-11-01,4
1237,2020-11-01,5
1237,2021-11-01,3
1237,2022-11-01,3
1237,2023-11-01,5
1238,2021-11-01,9
1238,2022-11-01,8
1238,2023-11-01,7
1239,2015-11-01,10
1239,2016-11-01,7
1239,2017-11-01,9
1239,2018-11-01,9
1239,2019-11-01,8
1239,2020-11-01,8
1239,2021-11-01,9
1239,2022-11-01,8
1239,2023-11-01,7
1240,2023-11-01,7
1241,2022-11-01,7
1241,2023-11-01,10
1242,2020-11-01,7
1242,2021-11-01,9
1242,2022-11-01,8
1242,2023-11-01,8
1243,2020-11-01,9
1243,2021-11-01,9
1243,2022-11-01,7
1243,2023-11-01,9
1244,2019-11-01,8
1244,2020-11-01,8
1244,2021-11-01,10
1244,2022-11-01,10
1244,2023-11-01,9
1245,2018-11-01,9
1245,2019-11-01,10
1245,2020-11-01,10
1245,2021-11-01,9
1245,2022-11-01,7
1245,2023-11-01,8
1246,2023-11-01,9
1247,2021-11-01,10
1247,2022-11-01,9
1247,2023-11-01,8
1248,2016-11-01,7
1248,2017-11-01,10
1248,2018-11-01,9
1248,2019-11-01,7
1248,2020-11-01,10
1248,2021-11-01,7
1248,2022-11-01,7
1248,2023-11-01,9
1249,2017-11-01,9
1249,2018-11-01,10
1249,2019-11-01,8
1249,2020-11-01,7
1249,2021-11-01,8
1249,2022-11-01,10
1249,2023-11-01,10
1250,2016-11-01,8
1250,2017-11-01,8
1250,2018-11-01,10
1250,2019-11-01,8
1250,2020-11-01,10
1250,2021-11-01,7
1250,2022-11-01,8
1250,2023-11-01,8
1251,2019-11-01,10
1251,2020-11-01,9
1251,2021-11-01,7
1251,2022-11-01,9
1251,2023-11-01,9
1252,2019-11-01,10
1252,2020-11-01,8
1252,2021-11-01,10
1252,2022-11-01,8
1252,2023-11-01,8
1253,2021-11-01,10
1253,2022-11-01,10
1253,2023-11-01,10
1254,2019-11-01,10
1254,2020-11-01,10
1254,2021-11-01,10
1254,2022-11-01,8
1254,2023-11-01,7
1255,2021-11-01,8
1255,2022-11-01,9
1255,2023-11-01,9
1256,2021-11-01,10
1256,2022-11-01,5
1256,2023-11-01,5
1257,2016-11-01,10
1257,2017-11-01,9
1257,2018-11-01,7
1257,2019-11-01,3
1257,2020-11-01,4
1257,2021-11-01,4
1257,2022-11-01,3
1257,2023-11-01,3
1258,2021-11-01,9
1258,2022-11-01,7
1258,2023-11-01,10
1259,2020-11-01,5
1259,2021-11-01,5
1259,2022-11-01,4
1259,2023-11-01,4
1260,2021-11-01,10
1260,2022-11-01,9
1260,2023-11-01,8
1261,2021-11-01,10
1261,2022-11-01,10
1261,2023-11-01,10
1262,2023-11-01,8
1263,2023-11-01,9
1264,2020-11-01,5
1264,2021-11-01,3
1264,2022-11-01,4
1264,2023-11-01,4
1265,2021-11-01,8
1265,2022-11-01,7
1265,2023-11-01,9
1266,2021-11-01,9
1266,2022-11-01,9
1266,2023-11-01,4
1267,2016-11-01,9
1267,2017-11-01,8
1267,2018-11-01,9
1267,2019-11-01,9
1267,2020-11-01,9
1267,2021-11-01,10
1267,2022-11-01,9
1267,2023-11-01,7
1268,2023-11-01,7
1269,2015-11-01,9
1269,2016-11-01,8
1269,2017-11-01,7
1269,2018-11-01,8
1269,2019-11-01,7
1269,2020-11-01,9
1269,2021-11-01,8
1269,2022-11-01,7
1269,2023-11-01,9
1270,2021-11-01,10
1270,2022-11-01,7
1270,2023-11-01,9
1271,2017-11-01,3
1271,2018-11-01,5
1271,2019-11-01,5
1271,2020-11-01,4
1271,2021-11-01,4
1271,2022-11-01,3
1271,2023-11-01,4
1272,2019-11-01,9
1272,2020-11-01,9
1272,2021-11-01,8
1272,2022-11-01,7
1272,2023-11-01,8
1273,2018-11-01,7
1273,2019-11-01,8
1273,2020-11-01,7
1273,2021-11-01,9
1273,2022-11-01,9
1273,2023-11-01,7
1274,2022-11-01,10
1274,2023-11-01,8
1275,2019-11-01,10
1275,2020-11-01,3
1275,2021-11-01,3
1275,2022-11-01,3
1275,2023-11-01,3
1276,2020-11-01,10
1276,2021-11-01,7
1276,2022-11-01,10
1276,2023-11-01,9
1277,2017-11-01,10
1277,2018-11-01,8
1277,2019-11-01,8
1277,2020-11-01,9
1277,2021-11-01,10
1277,2022-11-01,10
1277,2023-11-01,9
1278,2018-11-01,10
1278,2019-11-01,8
1278,2020-11-01,7
1278,2021-11-01,9
1278,2022-11-01,9
1278,2023-11-01,8
1279,2017-11-01,9
1279,2018-11-01,7
1279,2019-11-01,10
1279,2020-11-01,8
1279,2021-11-01,10
1279,2022-11-01,9
1279,2023-11-01,8
1280,2022-11-01,9
1280,2023-11-01,7
1281,2018-11-01,8
1281,2019-11-01,8
1281,2020-11-01,7
1281,2021-11-01,8
1281,2022-11-01,8
1281,2023-11-01,7
1282,2020-11-01,8
1282,2021-11-01,7
1282,2022-11-01,7
1282,2023-11-01,10
1283,2018-11-01,10
1283,2019-11-01,8
1283,2020-11-01,9
1283,2021-11-01,9
1283,2022-11-01,9
1283,2023-11-01,7
1284,2016-11-01,10
1284,2017-11-01,10
1284,2018-11-01,7
1284,2019-11-01,7
1284,2020-11-01,9
1284,2021-11-01,7
1284,2022-11-01,7
1284,2023-11-01,9
1285,2020-11-01,10
1285,2021-11-01,10
1285,2022-11-01,8
1285,2023-11-01,7
1286,2021-11-01,9
1286,2022-11-01,8
1286,2023-11-01,10
1287,2016-11-01,7
1287,2017-11-01,8
1287,2018-11-01,9
1287,2019-11-01,8
1287,2020-11-01,7
1287,2021-11-01,7
1287,2022-11-01,9
1287,2023-11-01,8
1288,2021-11-01,9
1288,2022-11-01,7
1288,2023-11-01,7
1289,2023-11-01,7
1290,2021-11-01,7
1290,2022-11-01,8
1290,2023-11-01,8
1291,2023-11-01,8
1292,2015-11-01,9
1292,2016-11-01,7
1292,2017-11-01,9
1292,2018-11-01,8
1292,2019-11-01,10
1292,2020-11-01,9
1292,2021-11-01,7
1292,2022-11-01,10
1292,2023-11-01,9
1293,2020-11-01,8
1293,2021-11-01,9
1293,2022-11-01,7
1293,2023-11-01,10
1294,2021-11-01,9
1294,2022-11-01,9
1294,2023-11-01,7
1295,2021-11-01,8
1295,2022-11-01,9
1295,2023-11-01,9
1296,2022-11-01,8
1296,2023-11-01,4
1297,2023-11-01,9
1298,2021-11-01,9
1298,2022-11-01,7
1298,2023-11-01,3
1299,2023-11-01,10
1300,2021-11-01,10
1300,2022-11-01,9
1300,2023-11-01,7
